,Acinar,Ductal_term,Ductal_CRISP3,Cancer_A,Ductal_MHCII,Cancer_B,mDCs_A,Ductal_APOL1,Tuft,mDCs_B,pDCs,Endocrine,Endothelial,Macro_A,Mast,Macro_B,T_NK,Mono,RBC,Fibro
0,9.01E-05,0.015650224,0.10631536,0.49604517,0.002272168,0.36145395,0.015980236,0.00205888,0.000111591,2.21E-05,6.88E-08,2.66E-08,1.43E-09,1.86E-08,8.41E-11,9.97E-13,1.15E-12,9.12E-13,6.24E-13,3.39E-13
1,0.013742354,0.10795819,0.58713406,0.15503736,0.041383207,0.07730151,0.012883842,0.003348346,0.00087684,0.000318111,1.06E-05,3.83E-06,7.55E-07,8.81E-07,5.07E-08,1.01E-08,9.00E-09,9.63E-09,6.90E-09,5.29E-09
2,0.027357133,0.28049856,0.33906266,0.19668993,0.026360154,0.104533225,0.016921295,0.004560066,0.002791074,0.001042655,9.80E-05,5.24E-05,1.28E-05,1.62E-05,1.81E-06,5.35E-07,4.67E-07,4.27E-07,3.49E-07,2.90E-07
3,0.115035854,0.23305632,0.20446329,0.15846458,0.06338252,0.1407892,0.040546525,0.017257662,0.013162327,0.006737052,0.002709746,0.001567691,0.000741849,0.001034938,0.000371652,0.000160418,0.000142933,0.000144587,0.000119777,0.000111074
4,0.1245365,0.10452649,0.21521689,0.16144224,0.15799941,0.14009331,0.05382732,0.024153333,0.010332413,0.004930641,0.001537284,0.000557638,0.000230433,0.000364196,0.000119017,2.99E-05,2.75E-05,3.11E-05,2.33E-05,2.10E-05
5,0.06158177,0.2283878,0.20447277,0.20635605,0.10292072,0.12681527,0.039590582,0.015076948,0.009608677,0.003388878,0.000863118,0.00043635,0.000134467,0.000248092,5.83E-05,1.43E-05,1.34E-05,1.28E-05,1.05E-05,9.27E-06
6,0.045058057,0.12295834,0.5894404,0.05306697,0.090955384,0.07532471,0.016841928,0.00441409,0.001376779,0.000528807,2.29E-05,7.45E-06,1.91E-06,1.96E-06,1.59E-07,4.23E-08,3.67E-08,3.94E-08,2.95E-08,2.44E-08
7,0.007061851,0.08655751,0.6172122,0.26911053,0.011418154,0.007191889,0.001189077,0.000226347,2.68E-05,5.59E-06,8.84E-08,1.62E-08,1.46E-09,3.75E-10,1.49E-11,3.42E-12,2.28E-12,2.10E-12,1.39E-12,1.03E-12
8,0.006703665,0.23505178,0.46543953,0.12070634,0.08000504,0.074064694,0.013641441,0.002922652,0.001206533,0.000249414,5.61E-06,2.39E-06,2.79E-07,6.08E-07,1.98E-08,2.39E-09,2.24E-09,1.92E-09,1.60E-09,1.21E-09
9,0.03711888,0.17086273,0.351993,0.10870381,0.08055504,0.19284473,0.037156917,0.011956296,0.00587861,0.002459017,0.000227619,0.000111385,3.47E-05,8.11E-05,8.43E-06,1.78E-06,1.72E-06,1.77E-06,1.41E-06,1.16E-06
10,0.024473052,0.08314023,0.4829529,0.078880675,0.12477823,0.16021436,0.032837488,0.008991875,0.002591427,0.001075857,3.95E-05,1.35E-05,3.19E-06,7.04E-06,4.25E-07,6.04E-08,5.78E-08,6.53E-08,4.77E-08,3.70E-08
11,0.03664364,0.07554118,0.4520813,0.17073412,0.14945723,0.07985265,0.024682965,0.008187781,0.001991214,0.000756807,4.93E-05,1.39E-05,3.22E-06,3.94E-06,4.23E-07,7.25E-08,6.58E-08,7.61E-08,5.29E-08,4.23E-08
12,0.007796039,0.066637345,0.62369823,0.117557816,0.13121521,0.039839942,0.010275468,0.002456481,0.000416857,0.000104407,1.63E-06,4.03E-07,4.74E-08,6.28E-08,2.07E-09,2.19E-10,1.99E-10,2.12E-10,1.48E-10,1.08E-10
13,0.13051212,0.09717971,0.22544199,0.20937471,0.13150813,0.12147896,0.046824045,0.02241038,0.008540306,0.004181871,0.001394483,0.000477353,0.000206848,0.000260567,9.39E-05,2.62E-05,2.36E-05,2.72E-05,1.97E-05,1.79E-05
14,0.06716245,0.17504764,0.18099722,0.118495196,0.19751815,0.1690343,0.055238053,0.019930238,0.011237688,0.00374419,0.000787885,0.000335517,9.48E-05,0.000284535,5.41E-05,8.75E-06,8.32E-06,8.21E-06,6.77E-06,6.06E-06
15,0.10106692,0.17926103,0.17702454,0.19218606,0.13312215,0.12768564,0.04808935,0.021017967,0.012044783,0.004659599,0.001812171,0.000824183,0.000288601,0.000535109,0.000181777,4.62E-05,4.26E-05,4.39E-05,3.54E-05,3.19E-05
16,0.08225785,0.123868406,0.17582308,0.14044014,0.16021925,0.20055363,0.06661247,0.027495535,0.013581216,0.005743651,0.001554589,0.000663116,0.000238994,0.000653507,0.000160594,2.96E-05,2.85E-05,3.06E-05,2.40E-05,2.14E-05
17,0.12840088,0.115028225,0.14769478,0.30329978,0.13632356,0.09912384,0.042802542,0.019046145,0.005501244,0.001841379,0.00062749,0.000161049,4.66E-05,6.26E-05,2.27E-05,4.36E-06,3.62E-06,3.82E-06,2.85E-06,2.59E-06
18,0.004509827,0.048624195,0.2132286,0.2514468,0.032504387,0.38149902,0.051109746,0.013592812,0.002446478,0.000966949,3.34E-05,1.61E-05,2.99E-06,1.78E-05,6.97E-07,4.15E-08,4.45E-08,4.43E-08,3.20E-08,2.31E-08
19,0.043009855,0.0820012,0.27344126,0.16861457,0.21790943,0.13780783,0.051453047,0.018124782,0.005341841,0.001949098,0.000212098,7.04E-05,1.72E-05,3.91E-05,5.23E-06,6.95E-07,6.58E-07,7.15E-07,5.31E-07,4.40E-07
20,0.08106203,0.21478389,0.24261254,0.12796593,0.09400488,0.16011654,0.04370338,0.016806869,0.011294086,0.004920912,0.001171053,0.000621616,0.000244402,0.000449938,0.000103584,3.18E-05,2.97E-05,3.01E-05,2.48E-05,2.19E-05
21,0.09559224,0.13955119,0.33896318,0.18598491,0.07667905,0.11018878,0.031138362,0.012522263,0.005521427,0.002757807,0.000597536,0.000239613,9.67E-05,0.000100776,2.63E-05,9.36E-06,8.28E-06,9.34E-06,6.89E-06,6.06E-06
22,0.084354594,0.12142137,0.22084036,0.2483725,0.15411629,0.10223963,0.04090103,0.017646262,0.00657546,0.00242595,0.000651849,0.00022491,7.04E-05,0.00010501,2.86E-05,6.12E-06,5.47E-06,5.90E-06,4.41E-06,3.89E-06
23,0.029576197,0.14304312,0.32302412,0.15510347,0.10588792,0.17798994,0.042252235,0.014250078,0.006005914,0.002392802,0.000235065,0.000113001,3.12E-05,7.97E-05,8.63E-06,1.49E-06,1.47E-06,1.52E-06,1.19E-06,9.79E-07
24,0.007124467,0.3008693,0.6723333,0.018839337,0.0002336,0.00053211,6.20E-05,4.77E-06,8.79E-07,1.66E-07,1.09E-09,3.95E-10,2.24E-11,7.74E-13,2.31E-14,2.40E-14,1.13E-14,6.95E-15,5.74E-15,4.28E-15
25,0.025766566,0.3716675,0.4866325,0.077171065,0.012809811,0.020874824,0.0039422,0.000726132,0.000319809,8.42E-05,3.52E-06,1.56E-06,2.29E-07,9.64E-08,7.47E-09,3.17E-09,2.29E-09,1.82E-09,1.55E-09,1.28E-09
26,0.035499394,0.26265955,0.21964028,0.14127038,0.12795427,0.14624156,0.04083623,0.012913186,0.009311798,0.002883107,0.000386255,0.000198841,4.96E-05,0.000126549,1.66E-05,2.99E-06,2.82E-06,2.55E-06,2.19E-06,1.91E-06
27,0.00898727,0.2335695,0.4121084,0.11665117,0.11435551,0.08846322,0.018972423,0.004431113,0.001999081,0.000439556,1.37E-05,6.11E-06,8.09E-07,2.11E-06,8.52E-08,1.02E-08,9.69E-09,8.51E-09,7.19E-09,5.56E-09
28,0.059243094,0.18843855,0.26299968,0.19247691,0.12306716,0.11223876,0.036706045,0.014083632,0.007134658,0.002577744,0.0005372,0.000244748,7.32E-05,0.000125899,2.62E-05,6.22E-06,5.83E-06,5.82E-06,4.68E-06,4.06E-06
29,0.051842246,0.15385984,0.27407947,0.18520226,0.112631574,0.15045874,0.043121792,0.01658774,0.007855797,0.003190508,0.000575801,0.000270797,8.61E-05,0.000174025,3.21E-05,7.02E-06,6.81E-06,7.11E-06,5.57E-06,4.74E-06
30,0.06204715,0.1274809,0.28096288,0.14684032,0.19660796,0.11903231,0.042115998,0.015697153,0.006328227,0.002281763,0.000349722,0.000128563,3.62E-05,6.94E-05,1.19E-05,2.21E-06,2.07E-06,2.20E-06,1.68E-06,1.46E-06
31,0.06858398,0.11718907,0.28678328,0.24728642,0.092914075,0.12675774,0.03655081,0.015135581,0.005531407,0.002428587,0.000473055,0.000179625,6.22E-05,8.50E-05,1.90E-05,4.72E-06,4.30E-06,4.76E-06,3.47E-06,2.99E-06
32,0.033678282,0.17315085,0.3921909,0.11309519,0.18151854,0.07247022,0.023373816,0.007024366,0.002678598,0.000731735,5.60E-05,1.99E-05,3.92E-06,6.61E-06,6.46E-07,1.14E-07,1.04E-07,1.03E-07,8.18E-08,6.89E-08
33,0.02739596,0.0696004,0.3341984,0.14777905,0.26523983,0.09895813,0.04008507,0.012691855,0.002973777,0.000980326,6.48E-05,1.93E-05,3.73E-06,8.23E-06,7.52E-07,8.28E-08,7.72E-08,8.39E-08,6.19E-08,4.97E-08
34,0.1730767,0.16230758,0.23932968,0.10782245,0.079916075,0.14963008,0.044118986,0.019437635,0.011664656,0.006620653,0.002459902,0.001189603,0.000656496,0.000826543,0.000316441,0.000144064,0.000127683,0.000141074,0.00011068,0.000103026
35,0.05542635,0.20764233,0.22826013,0.16218558,0.08889916,0.17642169,0.045569457,0.01696764,0.011447622,0.004806327,0.001010162,0.000558097,0.000196886,0.000429279,8.52E-05,2.14E-05,2.07E-05,2.05E-05,1.69E-05,1.47E-05
36,0.057498176,0.18405053,0.1987364,0.21526738,0.10572783,0.15777539,0.0464327,0.018203998,0.010398512,0.003855533,0.000961269,0.000473817,0.000149366,0.000327147,7.37E-05,1.57E-05,1.51E-05,1.49E-05,1.20E-05,1.05E-05
37,0.05406872,0.17628686,0.05206188,0.35049406,0.10010871,0.18168142,0.058191165,0.019685851,0.005845881,0.001200701,0.000255323,6.98E-05,9.05E-06,3.19E-05,6.80E-06,4.95E-07,4.21E-07,3.23E-07,2.81E-07,2.52E-07
38,0.057011623,0.35115042,0.00719919,0.3925731,0.024008201,0.1396826,0.019084183,0.006693425,0.002240612,0.00031036,3.88E-05,5.93E-06,3.71E-07,8.73E-07,2.18E-07,9.48E-09,6.84E-09,3.28E-09,3.52E-09,3.25E-09
39,0.05597468,0.09554276,0.1636853,0.15294741,0.2218991,0.18479328,0.07875744,0.029626723,0.011008014,0.004043698,0.000871356,0.000338006,9.40E-05,0.000321245,6.21E-05,7.80E-06,7.52E-06,7.96E-06,6.27E-06,5.47E-06
40,0.083221115,0.18238793,0.2451428,0.20178202,0.078457996,0.13565862,0.039443787,0.01676731,0.009619329,0.004467421,0.001357012,0.00069194,0.000281127,0.000420298,0.000122547,4.08E-05,3.82E-05,4.00E-05,3.17E-05,2.79E-05
41,0.07093055,0.24489729,0.13940154,0.20432045,0.14970776,0.11948456,0.042033345,0.015603382,0.009635641,0.00263679,0.00073659,0.000310787,7.05E-05,0.000161774,4.07E-05,7.01E-06,6.27E-06,5.70E-06,4.85E-06,4.35E-06
42,0.07257946,0.2417238,0.1807905,0.2033088,0.08683884,0.13779223,0.041303903,0.016270211,0.011824994,0.004490105,0.001384354,0.000732235,0.00024634,0.000447083,0.000123751,3.41E-05,3.14E-05,3.02E-05,2.52E-05,2.24E-05
43,0.10705872,0.07506685,0.35247883,0.11325536,0.22450703,0.08073865,0.031062735,0.01106306,0.00319561,0.001346205,0.000159075,3.91E-05,1.19E-05,1.22E-05,2.37E-06,5.39E-07,4.76E-07,5.52E-07,3.88E-07,3.38E-07
44,0.01554817,0.35597745,0.37348947,0.20255116,0.015552851,0.029717175,0.005326168,0.001116306,0.00056455,0.000144197,8.07E-06,3.55E-06,4.98E-07,3.27E-07,2.61E-08,8.02E-09,6.21E-09,4.98E-09,4.11E-09,3.36E-09
45,0.014963474,0.19484428,0.5220114,0.11953718,0.042445406,0.0862697,0.014342543,0.003571009,0.001493646,0.000486722,2.05E-05,9.47E-06,1.81E-06,2.60E-06,1.57E-07,3.40E-08,3.11E-08,3.03E-08,2.39E-08,1.87E-08
46,0.001974028,0.31142956,0.66241586,0.023926565,9.42E-05,0.000142686,1.61E-05,9.07E-07,1.26E-07,1.58E-08,4.71E-11,1.41E-11,3.99E-13,8.02E-15,1.31E-16,1.14E-16,4.94E-17,2.57E-17,2.14E-17,1.53E-17
47,0.0677138,0.15337834,0.2587969,0.13005382,0.18998909,0.12643473,0.04525649,0.016871506,0.007721799,0.002824022,0.000513949,0.000207668,6.27E-05,0.000129787,2.43E-05,4.87E-06,4.56E-06,4.65E-06,3.71E-06,3.30E-06
48,0.01515709,0.10990175,0.46728596,0.10238414,0.08353156,0.17906678,0.03062409,0.00833241,0.002637327,0.001014086,3.64E-05,1.53E-05,3.36E-06,9.09E-06,4.58E-07,6.17E-08,6.04E-08,6.39E-08,4.87E-08,3.70E-08
49,0.07180111,0.09637665,0.25098145,0.18599802,0.21678874,0.106995,0.044688687,0.017724723,0.005871642,0.002145181,0.000388783,0.000124125,3.49E-05,5.95E-05,1.23E-05,2.15E-06,1.96E-06,2.15E-06,1.60E-06,1.38E-06
50,0.053571567,0.206885,0.20084445,0.22942974,0.08921093,0.14854455,0.0411237,0.015655259,0.009552033,0.003445801,0.000823275,0.000416811,0.000127699,0.00025855,5.64E-05,1.27E-05,1.21E-05,1.17E-05,9.49E-06,8.22E-06
51,0.06811253,0.042152356,0.090595275,0.19374284,0.4828138,0.05451583,0.049969025,0.015493451,0.002090975,0.000424512,7.37E-05,1.08E-05,1.31E-06,2.92E-06,6.08E-07,3.74E-08,3.01E-08,3.03E-08,2.29E-08,1.92E-08
52,0.12271036,0.04859535,0.23818308,0.20438458,0.20857751,0.09838269,0.04968899,0.021590423,0.004846536,0.002331033,0.00048671,0.000113077,4.06E-05,4.45E-05,1.31E-05,2.66E-06,2.33E-06,2.84E-06,1.93E-06,1.68E-06
53,0.04174946,0.13772212,0.3264837,0.15337186,0.09341091,0.17894469,0.0426113,0.015435763,0.006537016,0.002958391,0.000373581,0.000178176,5.90E-05,0.000129439,1.78E-05,3.76E-06,3.67E-06,3.89E-06,3.02E-06,2.52E-06
54,0.07083732,0.28642207,0.08183059,0.28962862,0.1328482,0.089122,0.030927913,0.01110708,0.005734762,0.00112569,0.000281766,8.71E-05,1.24E-05,2.50E-05,6.59E-06,8.23E-07,6.68E-07,5.39E-07,4.66E-07,4.22E-07
55,0.08020475,0.1293825,0.2739976,0.207646,0.09089813,0.14481734,0.04167724,0.017728437,0.007997077,0.003829631,0.00091434,0.000392812,0.000154669,0.000226954,5.88E-05,1.66E-05,1.55E-05,1.74E-05,1.29E-05,1.13E-05
56,0.1110959,0.109208226,0.20075898,0.19994979,0.14607792,0.13831937,0.052673507,0.024328131,0.010168625,0.004520464,0.0015156,0.000560529,0.000218206,0.000360746,0.000119331,2.81E-05,2.59E-05,2.92E-05,2.18E-05,1.96E-05
57,0.10270309,0.2025125,0.10467605,0.16101001,0.14968652,0.18169005,0.05591509,0.021707857,0.013253342,0.004090824,0.001422761,0.000561739,0.000144821,0.000421224,0.00012406,1.96E-05,1.77E-05,1.61E-05,1.39E-05,1.28E-05
58,0.01414868,0.060808677,0.13401502,0.31115314,0.20606749,0.15922076,0.08468764,0.02447669,0.004255791,0.001009761,9.67E-05,3.19E-05,4.32E-06,2.11E-05,1.88E-06,1.01E-07,9.58E-08,9.05E-08,7.05E-08,5.65E-08
59,0.029997323,0.27464184,0.003617571,0.42037836,0.050429717,0.17632736,0.033429038,0.008849848,0.002149004,0.000162661,1.50E-05,1.83E-06,4.75E-08,2.92E-07,4.67E-08,6.19E-10,4.51E-10,1.92E-10,2.13E-10,1.99E-10
60,0.013168564,0.007704648,0.062579386,0.28646827,0.26518425,0.13401467,0.17698392,0.05129112,0.001980222,0.000557352,5.22E-05,7.89E-06,1.04E-06,5.83E-06,5.72E-07,1.41E-08,1.25E-08,1.34E-08,9.45E-09,7.49E-09
61,0.03243336,0.18673776,0.414628,0.15036145,0.024379674,0.15906128,0.021430602,0.006243748,0.002999366,0.001453004,0.000131704,7.26E-05,2.35E-05,3.55E-05,3.76E-06,1.11E-06,1.02E-06,1.03E-06,7.95E-07,6.51E-07
62,0.028700791,0.43241918,0.11205744,0.2159991,0.03778808,0.13036267,0.02387018,0.007740028,0.00823589,0.002213002,0.000318071,0.000180235,3.48E-05,6.24E-05,1.04E-05,2.13E-06,1.81E-06,1.39E-06,1.26E-06,1.12E-06
63,0.018375754,0.29455668,0.2772988,0.16210534,0.04990525,0.15867226,0.025483048,0.006638669,0.005190089,0.001553657,0.000112282,6.17E-05,1.29E-05,2.92E-05,2.44E-06,4.57E-07,4.40E-07,3.94E-07,3.32E-07,2.66E-07
64,0.13427961,0.11477854,0.36322415,0.090910085,0.11374329,0.1238392,0.0360173,0.013319165,0.005827709,0.003104643,0.000536455,0.000189967,8.34E-05,9.12E-05,2.18E-05,7.68E-06,6.81E-06,8.00E-06,5.87E-06,5.20E-06
65,0.07339107,0.1440627,0.29856753,0.11419346,0.10163639,0.18778154,0.04717194,0.018017525,0.009025076,0.004455592,0.000779453,0.000362429,0.000146494,0.000290286,5.41E-05,1.42E-05,1.36E-05,1.49E-05,1.16E-05,1.00E-05
66,0.051213067,0.15517436,0.34306327,0.21682878,0.06676953,0.12043451,0.028826885,0.010563093,0.004608015,0.001965254,0.000301431,0.000131296,4.22E-05,5.60E-05,1.02E-05,2.82E-06,2.60E-06,2.79E-06,2.10E-06,1.76E-06
67,0.03629368,0.2861139,0.39514336,0.20693895,0.03326417,0.030574156,0.008121584,0.002239422,0.000968846,0.00029131,3.26E-05,1.33E-05,2.62E-06,1.64E-06,2.32E-07,8.67E-08,6.82E-08,6.05E-08,4.89E-08,4.17E-08
68,0.13374925,0.20482597,0.2628969,0.093848474,0.06321828,0.16137777,0.041140936,0.016397014,0.011332648,0.006222812,0.001903988,0.001067096,0.000549982,0.000777645,0.000234067,0.000105891,9.41E-05,0.000100549,8.19E-05,7.48E-05
69,0.034568388,0.21749583,0.2689642,0.24510688,0.034426343,0.15712096,0.026521593,0.00856674,0.004780122,0.001921198,0.000263924,0.000137657,4.02E-05,6.61E-05,9.62E-06,2.48E-06,2.28E-06,2.19E-06,1.74E-06,1.45E-06
70,0.058083672,0.27204636,0.16100857,0.21973164,0.07617172,0.14394525,0.03817196,0.01414322,0.010969214,0.003744992,0.000945685,0.000495257,0.000139774,0.000273832,6.51E-05,1.57E-05,1.42E-05,1.30E-05,1.11E-05,9.80E-06
71,0.04812173,0.06546615,0.3681121,0.17970291,0.11330061,0.16061412,0.042255122,0.015636237,0.004278437,0.002162504,0.000210844,7.01E-05,2.26E-05,3.72E-05,5.22E-06,9.29E-07,8.75E-07,1.06E-06,7.27E-07,5.90E-07
72,0.08472802,0.10060351,0.20460452,0.18143447,0.17121997,0.15506247,0.059731595,0.025782095,0.010223449,0.004377405,0.00115987,0.000438729,0.000154976,0.000322189,8.41E-05,1.62E-05,1.53E-05,1.70E-05,1.28E-05,1.13E-05
73,0.07777611,0.10107013,0.21722348,0.18538697,0.16975018,0.15241343,0.0568782,0.024213683,0.009478241,0.003997843,0.000957172,0.000362608,0.00012402,0.000253984,6.15E-05,1.17E-05,1.11E-05,1.23E-05,9.21E-06,8.10E-06
74,0.08692037,0.053296637,0.19995898,0.19391753,0.26977852,0.10441341,0.059716735,0.023846718,0.005403501,0.002116859,0.000425199,0.000105731,2.98E-05,5.01E-05,1.22E-05,1.77E-06,1.58E-06,1.84E-06,1.31E-06,1.12E-06
75,0.12519929,0.14556408,0.16176732,0.19333707,0.1660733,0.12105109,0.04908673,0.021734744,0.009943321,0.003645877,0.001420639,0.000509852,0.000166219,0.000297569,0.000106375,2.28E-05,2.03E-05,2.14E-05,1.68E-05,1.53E-05
76,0.08918319,0.2583558,0.094764546,0.23501322,0.10293111,0.14432059,0.043039765,0.016880615,0.010652962,0.003083015,0.000998824,0.000392701,8.86E-05,0.000194842,6.02E-05,1.04E-05,8.94E-06,7.72E-06,6.68E-06,6.15E-06
77,0.06607646,0.17916292,0.17760661,0.26914656,0.07856313,0.15520723,0.042802725,0.017594064,0.008743792,0.003259881,0.0009144,0.000411417,0.000133662,0.000251759,6.43E-05,1.46E-05,1.35E-05,1.32E-05,1.05E-05,9.26E-06
78,0.064686045,0.17071013,0.21299191,0.18308367,0.1563847,0.13315313,0.046399172,0.018261118,0.009439972,0.003321863,0.000788934,0.000352298,0.000105212,0.000227618,5.02E-05,1.01E-05,9.62E-06,9.68E-06,7.77E-06,6.82E-06
79,0.06697026,0.14322765,0.11172499,0.22745398,0.15670863,0.1825337,0.069024615,0.02647898,0.010767238,0.003264224,0.000984064,0.000373954,8.81E-05,0.000291029,7.20E-05,8.83E-06,8.13E-06,7.65E-06,6.37E-06,5.68E-06
80,0.054977033,0.25780165,0.11988743,0.34124318,0.041505236,0.13749614,0.02822932,0.010698764,0.005698831,0.001810368,0.000383218,0.000151601,3.64E-05,5.72E-05,1.32E-05,2.82E-06,2.43E-06,2.07E-06,1.73E-06,1.51E-06
81,0.013156554,0.001887146,0.001898804,0.21004084,0.41054678,0.066258796,0.24993643,0.045816917,0.000417529,3.56E-05,4.38E-06,1.42E-07,2.89E-09,4.36E-08,6.26E-09,1.66E-11,1.10E-11,7.43E-12,6.68E-12,5.36E-12
82,0.001406601,0.14161906,0.13188301,0.25599185,0.103420444,0.2890938,0.06116344,0.01052771,0.004193701,0.000677703,1.12E-05,6.32E-06,4.45E-07,4.66E-06,8.42E-08,2.26E-09,2.31E-09,1.65E-09,1.47E-09,1.07E-09
83,0.0553218,0.27933195,0.08001306,0.18004733,0.060978297,0.25828916,0.04784909,0.016839923,0.014541683,0.00463528,0.001045662,0.000508026,0.000115829,0.000360511,7.71E-05,1.18E-05,1.05E-05,8.37E-06,7.77E-06,6.94E-06
84,0.000999488,0.09689782,0.18467408,0.01899743,0.3892938,0.24495377,0.053572144,0.006907617,0.003152618,0.000544718,2.89E-06,1.39E-06,1.01E-07,2.09E-06,1.30E-08,2.71E-10,2.63E-10,2.11E-10,2.05E-10,1.50E-10
85,0.002127782,0.15849791,0.75536937,0.00979968,0.014693527,0.055711642,0.00334121,0.000337802,0.000104328,1.68E-05,3.40E-08,1.27E-08,9.17E-10,1.67E-09,9.72E-12,1.01E-12,8.35E-13,7.22E-13,5.90E-13,3.84E-13
86,7.58E-05,0.016091993,0.7641337,0.004802957,0.19047232,0.021516912,0.00269845,0.000194258,1.24E-05,1.28E-06,1.51E-10,2.43E-11,5.01E-13,3.25E-12,1.76E-15,2.11E-17,1.99E-17,1.78E-17,1.27E-17,7.37E-18
87,0.044813536,0.26669377,0.30614185,0.21025155,0.0396336,0.09905394,0.020837806,0.006566357,0.004006718,0.001547795,0.000238121,0.000122549,3.46E-05,4.15E-05,6.98E-06,2.33E-06,2.04E-06,1.93E-06,1.57E-06,1.35E-06
88,0.093756415,0.20041072,0.19639288,0.19337103,0.15073664,0.09564024,0.03912154,0.016259352,0.009136824,0.003122961,0.001067093,0.000461482,0.00014182,0.000231301,7.22E-05,1.83E-05,1.66E-05,1.68E-05,1.36E-05,1.22E-05
89,0.06532317,0.16480874,0.23697452,0.217684,0.10293428,0.13869366,0.042316355,0.017264608,0.008693523,0.003515085,0.000874017,0.000408886,0.000138611,0.000247807,5.94E-05,1.46E-05,1.38E-05,1.42E-05,1.11E-05,9.69E-06
90,0.07827299,0.10006757,0.26566258,0.17107108,0.19007692,0.119365424,0.046050273,0.018803336,0.006844573,0.002836017,0.000549157,0.000191646,6.18E-05,0.000103524,2.29E-05,4.60E-06,4.27E-06,4.75E-06,3.54E-06,3.08E-06
91,0.023269935,0.20445144,0.20039716,0.20680027,0.10844808,0.18657954,0.04481299,0.014033861,0.008197539,0.002442418,0.000274919,0.000142498,3.14E-05,0.00010053,1.11E-05,1.49E-06,1.49E-06,1.35E-06,1.12E-06,9.34E-07
92,0.04913507,0.088916264,0.41210324,0.1086901,0.14037098,0.14548136,0.037155475,0.012151186,0.003979747,0.001792619,0.000135985,4.61E-05,1.36E-05,2.33E-05,2.65E-06,4.99E-07,4.69E-07,5.44E-07,3.92E-07,3.20E-07
93,0.07665642,0.17318672,0.15324749,0.2199062,0.24422772,0.07728341,0.035744622,0.012961884,0.005163243,0.001179711,0.000295924,8.73E-05,1.58E-05,3.18E-05,7.65E-06,1.02E-06,8.82E-07,8.55E-07,6.84E-07,6.00E-07
94,0.054063708,0.111418605,0.2789176,0.17230214,0.22819749,0.096190736,0.037926156,0.014072112,0.004947472,0.001601836,0.000226316,7.51E-05,1.83E-05,3.31E-05,5.44E-06,8.80E-07,8.17E-07,8.74E-07,6.57E-07,5.61E-07
95,0.08468618,0.11246276,0.2124116,0.20951477,0.16576006,0.1310501,0.04959883,0.021267055,0.008440834,0.003278534,0.000852427,0.000308789,9.96E-05,0.000180035,4.75E-05,9.38E-06,8.70E-06,9.56E-06,7.14E-06,6.30E-06
96,0.02940294,0.20528716,0.25795156,0.22946586,0.0388223,0.18956824,0.03094353,0.009958694,0.005730904,0.002278682,0.000282528,0.000151785,4.40E-05,8.92E-05,1.17E-05,2.59E-06,2.48E-06,2.38E-06,1.90E-06,1.55E-06
97,0.06913367,0.2691701,0.06746743,0.3096393,0.079147816,0.14569852,0.037419766,0.013656751,0.006588736,0.001541128,0.000350654,0.000111793,1.81E-05,4.14E-05,1.03E-05,1.27E-06,1.05E-06,8.14E-07,7.18E-07,6.51E-07
98,0.06370547,0.2224883,0.07723473,0.25431243,0.13878901,0.16244718,0.051428393,0.018105973,0.008728765,0.001954928,0.000492582,0.000169289,2.72E-05,8.77E-05,2.03E-05,2.04E-06,1.79E-06,1.45E-06,1.27E-06,1.15E-06
99,0.0778841,0.070652425,0.04393828,0.25607046,0.1595621,0.21780574,0.119417295,0.04350529,0.007883368,0.002141713,0.000743167,0.000171863,3.08E-05,0.000142524,4.09E-05,2.59E-06,2.23E-06,1.94E-06,1.67E-06,1.51E-06
100,0.10939467,0.13140702,0.1912126,0.23328374,0.10289816,0.14146404,0.04887296,0.02290818,0.010275839,0.004685877,0.001774271,0.00071552,0.000295909,0.00045538,0.000162628,4.46E-05,4.06E-05,4.42E-05,3.36E-05,3.03E-05
101,0.06839731,0.27123895,0.10819684,0.27950895,0.099057026,0.11439809,0.035074227,0.013334517,0.007852134,0.002030574,0.000542198,0.000209461,4.18E-05,8.21E-05,2.19E-05,3.72E-06,3.16E-06,2.71E-06,2.30E-06,2.07E-06
102,0.083513655,0.14571136,0.18806732,0.19875032,0.11485133,0.16924287,0.054623175,0.023828758,0.012319257,0.005323229,0.001706804,0.000788551,0.000297483,0.000612704,0.000178004,4.17E-05,3.96E-05,4.18E-05,3.27E-05,2.92E-05
103,0.004478188,0.096123815,0.21376047,0.16085565,0.104918435,0.33753818,0.06346906,0.013644012,0.004028995,0.001125309,2.79E-05,1.39E-05,1.84E-06,1.39E-05,3.91E-07,1.87E-08,1.95E-08,1.66E-08,1.39E-08,1.03E-08
104,0.001434296,0.062408853,0.15998147,0.23184986,0.043501657,0.4275432,0.058784578,0.011232216,0.002552233,0.000685267,1.16E-05,6.38E-06,6.77E-07,7.60E-06,1.41E-07,4.31E-09,4.75E-09,4.00E-09,3.20E-09,2.20E-09
105,2.22E-05,0.031202104,0.9617721,2.02E-05,0.004542624,0.002387411,5.24E-05,9.15E-07,8.09E-08,2.63E-09,8.74E-15,1.38E-15,1.13E-17,1.80E-17,1.04E-21,2.50E-23,1.64E-23,1.06E-23,9.17E-24,4.38E-24
106,1.33E-06,0.029361973,0.9181823,0.005500591,0.04108782,0.005485235,0.000365695,1.43E-05,6.95E-07,2.59E-08,2.65E-13,5.72E-14,2.86E-16,2.56E-15,1.24E-19,6.42E-22,5.57E-22,3.35E-22,2.86E-22,1.35E-22
107,0.008039646,0.031147731,0.31175917,0.08094209,0.4055275,0.10157156,0.048968107,0.010334256,0.001331807,0.000368937,6.71E-06,1.57E-06,1.75E-07,6.82E-07,2.13E-08,9.62E-10,8.95E-10,9.20E-10,6.84E-10,5.08E-10
108,0.003602375,0.14921328,0.48790747,0.023644097,0.21913542,0.09542211,0.017144056,0.002764031,0.000990318,0.00017493,1.23E-06,4.57E-07,4.18E-08,2.04E-07,2.35E-09,1.47E-10,1.39E-10,1.25E-10,1.05E-10,7.98E-11
109,0.0496844,0.10775707,0.31254432,0.14067766,0.17800133,0.14312933,0.044093788,0.015766751,0.005704753,0.002212932,0.000247559,9.05E-05,2.50E-05,5.21E-05,7.17E-06,1.21E-06,1.15E-06,1.26E-06,9.46E-07,7.93E-07
110,0.060220335,0.12313706,0.21965513,0.1870687,0.16750672,0.1523234,0.054107465,0.021733122,0.009243179,0.003546151,0.000749518,0.000311898,9.55E-05,0.000220461,4.55E-05,8.07E-06,7.74E-06,8.18E-06,6.33E-06,5.50E-06
111,0.06618971,0.16794191,0.22580437,0.15710138,0.09885435,0.18917659,0.051992487,0.020982828,0.012615845,0.005813935,0.001440614,0.000768557,0.000302686,0.000682439,0.000155201,3.91E-05,3.84E-05,3.97E-05,3.20E-05,2.80E-05
112,0.049009137,0.12966888,0.18093722,0.22190021,0.17642522,0.15041363,0.057695024,0.021596292,0.008564757,0.002741716,0.000564833,0.000228009,5.60E-05,0.000152568,2.91E-05,4.05E-06,3.85E-06,3.88E-06,3.06E-06,2.63E-06
113,0.047701504,0.1653917,0.2267248,0.22641984,0.1038561,0.15713006,0.043668207,0.016691415,0.008209294,0.003011675,0.000590176,0.000280225,8.27E-05,0.000179089,3.39E-05,6.75E-06,6.50E-06,6.51E-06,5.14E-06,4.38E-06
114,0.039724275,0.24825397,0.1560488,0.17157051,0.13291538,0.16895944,0.048397742,0.01637407,0.012558207,0.003721388,0.000694179,0.000357425,8.56E-05,0.000266243,4.39E-05,6.83E-06,6.52E-06,5.95E-06,5.09E-06,4.46E-06
115,0.028385462,0.19862792,0.24675189,0.117163844,0.07932808,0.2532431,0.046609696,0.014476944,0.01024416,0.004112239,0.000432858,0.000249062,7.49E-05,0.000253008,2.63E-05,4.58E-06,4.64E-06,4.53E-06,3.75E-06,3.11E-06
116,0.08215928,0.055770434,0.17342399,0.18713179,0.26817867,0.12557347,0.07052391,0.027548842,0.0064382,0.002451456,0.000520467,0.000135683,3.72E-05,7.78E-05,1.85E-05,2.38E-06,2.15E-06,2.45E-06,1.78E-06,1.54E-06
117,0.060375497,0.19647865,0.1812444,0.20233497,0.16314928,0.122873686,0.043864924,0.016581567,0.009102554,0.002706097,0.000678822,0.000294709,7.38E-05,0.000173582,3.86E-05,6.77E-06,6.36E-06,6.23E-06,5.08E-06,4.42E-06
118,0.078835905,0.0635949,0.26292711,0.24585502,0.19112219,0.09321376,0.041331343,0.01712455,0.00403005,0.001575722,0.000266944,6.83E-05,1.97E-05,2.48E-05,5.53E-06,9.69E-07,8.52E-07,9.96E-07,6.87E-07,5.87E-07
119,0.11061805,0.2206212,0.042447392,0.2551303,0.19145134,0.108433194,0.046885107,0.016696226,0.006137509,0.001083087,0.00036245,8.38E-05,1.02E-05,2.80E-05,9.48E-06,7.67E-07,6.13E-07,4.61E-07,4.15E-07,3.92E-07
120,0.030008106,0.13199018,0.1231325,0.25186768,0.064357884,0.2922914,0.06762785,0.023605838,0.01002885,0.003641638,0.000648781,0.00031358,8.23E-05,0.000327522,5.02E-05,6.00E-06,5.96E-06,5.46E-06,4.46E-06,3.81E-06
121,0.12096032,0.21346444,0.068824075,0.26390943,0.15240605,0.11103563,0.043297518,0.017063346,0.006694035,0.001536777,0.000548938,0.000148111,2.62E-05,5.59E-05,2.00E-05,2.51E-06,2.06E-06,1.72E-06,1.47E-06,1.38E-06
122,0.003990474,0.11755959,0.024902357,0.7109363,0.008759748,0.11264328,0.01616579,0.004125656,0.000793576,0.000115362,5.97E-06,1.47E-06,9.76E-08,3.25E-07,2.25E-08,9.25E-10,8.06E-10,4.77E-10,4.16E-10,3.24E-10
123,0.086816214,0.21365985,0.1626643,0.19806612,0.077357754,0.16830882,0.047749616,0.020191858,0.013949753,0.006060873,0.002154228,0.001147202,0.000443493,0.00084184,0.000264439,7.64E-05,7.02E-05,6.86E-05,5.69E-05,5.16E-05
124,0.12283232,0.18709671,0.1096899,0.1530548,0.23410392,0.11643444,0.04676549,0.017790953,0.008732139,0.002233617,0.000784622,0.000239494,5.10E-05,0.000128003,4.03E-05,5.59E-06,4.85E-06,4.56E-06,3.83E-06,3.53E-06
125,0.03512154,0.45153892,0.44222513,0.000611111,0.019497242,0.04773187,0.002911799,0.000199996,0.000147592,1.47E-05,3.61E-08,1.11E-08,9.18E-10,7.14E-10,9.18E-12,1.92E-12,1.20E-12,9.09E-13,8.68E-13,6.41E-13
126,4.36E-05,0.01805996,0.285414,0.010471865,0.19971463,0.43856108,0.044798482,0.002641828,0.00025657,3.80E-05,7.70E-09,2.50E-09,6.27E-11,3.58E-09,1.51E-12,5.61E-15,5.73E-15,4.31E-15,3.88E-15,2.08E-15
127,0.009665821,0.5277299,0.39443356,0.004147315,0.008694208,0.05190129,0.002938061,0.000243789,0.000218908,2.70E-05,1.02E-07,4.59E-08,3.42E-09,3.31E-09,4.32E-11,7.89E-12,5.45E-12,4.09E-12,3.74E-12,2.76E-12
128,0.964397,0.035412356,2.40E-05,4.22E-08,0.00016475,1.84E-06,1.97E-08,1.61E-10,2.35E-12,1.64E-15,4.36E-21,3.75E-24,2.81E-28,3.05E-31,2.99E-33,3.42E-35,6.25E-36,3.85E-37,6.39E-37,4.31E-37
129,0.30832708,0.24498108,0.056220282,0.13779289,0.23517388,0.013036367,0.003608298,0.00074452,0.000109935,5.46E-06,2.10E-07,8.16E-09,2.27E-10,6.30E-11,9.74E-12,6.05E-13,3.46E-13,2.04E-13,1.65E-13,1.47E-13
130,0.005339844,0.067637995,0.12216525,0.23027074,0.12090414,0.3135662,0.105084606,0.02626482,0.006663974,0.001849384,0.000107685,5.75E-05,8.21E-06,7.51E-05,3.80E-06,1.71E-07,1.81E-07,1.57E-07,1.30E-07,1.02E-07
131,0.1124722,0.09913321,0.1892732,0.23013327,0.1964611,0.09588458,0.04615846,0.020416263,0.006522909,0.002370453,0.000738347,0.000213907,6.65E-05,9.86E-05,3.15E-05,6.12E-06,5.32E-06,5.94E-06,4.38E-06,3.91E-06
132,0.11253038,0.110589184,0.19171971,0.18106343,0.16529258,0.14069657,0.055386063,0.02490086,0.010507528,0.004486559,0.001487386,0.000540511,0.000202273,0.000366018,0.000117527,2.56E-05,2.36E-05,2.64E-05,1.99E-05,1.79E-05
133,0.09328692,0.10318809,0.19355027,0.1782961,0.23039079,0.11597945,0.0523967,0.021358998,0.007674674,0.002723689,0.000694499,0.000218636,6.33E-05,0.000122693,3.19E-05,5.39E-06,4.87E-06,5.36E-06,4.05E-06,3.57E-06
134,0.07525405,0.123665236,0.29084834,0.18305986,0.10257948,0.14977878,0.043510877,0.018013459,0.007891411,0.003809381,0.000799052,0.000341543,0.000132244,0.000210488,4.85E-05,1.28E-05,1.21E-05,1.36E-05,1.01E-05,8.77E-06
135,0.09445915,0.16520303,0.18017936,0.18959735,0.12871958,0.14519717,0.05192186,0.02270744,0.012689184,0.005158943,0.001901525,0.000879669,0.000321328,0.000638671,0.000205168,5.02E-05,4.70E-05,4.90E-05,3.91E-05,3.52E-05
136,0.17561382,0.15579279,0.08188872,0.25446105,0.17395063,0.08897476,0.0424041,0.0182831,0.005986639,0.001613373,0.000722256,0.000167948,3.75E-05,5.99E-05,2.75E-05,4.28E-06,3.42E-06,3.18E-06,2.57E-06,2.43E-06
137,0.06612319,0.12858795,0.24457105,0.1242629,0.14747806,0.19327308,0.056578778,0.02199175,0.010612601,0.004681266,0.000858514,0.00038232,0.000136775,0.000339908,6.34E-05,1.28E-05,1.25E-05,1.35E-05,1.05E-05,9.14E-06
138,0.112649314,0.15490769,0.12980019,0.17046629,0.21499148,0.13201733,0.051796615,0.020223876,0.009095885,0.002630431,0.000855808,0.000269407,6.43E-05,0.000157186,4.65E-05,6.73E-06,5.98E-06,5.93E-06,4.80E-06,4.34E-06
139,0.08403446,0.16257578,0.17420547,0.11327314,0.10817185,0.23353949,0.06377728,0.026304452,0.018145232,0.008753944,0.002580614,0.00140205,0.000621498,0.001706521,0.000429314,0.000105157,0.000102377,0.000106216,8.68E-05,7.85E-05
140,0.078995034,0.16456652,0.18702899,0.2307331,0.123643205,0.13336204,0.046149697,0.019594176,0.009925803,0.003661217,0.001177631,0.000510107,0.000163012,0.000313832,9.00E-05,1.99E-05,1.84E-05,1.90E-05,1.50E-05,1.32E-05
141,0.04784902,0.078868695,0.26537776,0.29065573,0.10403774,0.14633368,0.043633524,0.016977837,0.004201549,0.001699478,0.000227601,7.30E-05,2.08E-05,3.40E-05,5.68E-06,9.35E-07,8.52E-07,9.43E-07,6.64E-07,5.56E-07
142,0.017311875,0.23838432,0.0199677,0.56662214,0.059695266,0.06977977,0.021083154,0.005622292,0.001387127,0.000132559,1.14E-05,2.02E-06,8.84E-08,2.51E-07,3.22E-08,1.12E-09,8.44E-10,4.79E-10,4.43E-10,3.87E-10
143,0.030762406,0.28716022,0.037214506,0.28114423,0.18419996,0.12321753,0.040146887,0.010618701,0.004886807,0.000553494,7.01E-05,1.81E-05,1.11E-06,5.17E-06,7.10E-07,2.93E-08,2.39E-08,1.55E-08,1.46E-08,1.30E-08
144,0.064272985,0.14381672,0.20980945,0.25525242,0.091511875,0.15945883,0.045130327,0.018428821,0.007830178,0.003095912,0.000724044,0.00030462,9.96E-05,0.000183018,4.24E-05,9.10E-06,8.46E-06,8.70E-06,6.68E-06,5.79E-06
145,0.06571447,0.14072014,0.1367946,0.19702876,0.17978543,0.17171176,0.06608808,0.025500216,0.011137849,0.003556455,0.00100591,0.000404128,0.000103054,0.000327873,7.68E-05,1.03E-05,9.73E-06,9.59E-06,7.83E-06,6.91E-06
146,0.000520244,0.5258965,0.23209079,0.004209993,0.002942546,0.23026794,0.003429053,0.000192567,0.000402698,4.76E-05,3.49E-08,2.37E-08,1.18E-09,6.13E-09,1.25E-11,6.56E-13,5.24E-13,3.60E-13,3.47E-13,2.04E-13
147,0.006029781,0.085174076,0.29870522,0.014893551,0.096373186,0.44056946,0.044530567,0.008336331,0.003865918,0.001471396,1.89E-05,9.60E-06,2.04E-06,1.96E-05,3.17E-07,2.23E-08,2.23E-08,2.26E-08,1.88E-08,1.44E-08
148,0.010983223,0.001452478,0.21180737,0.175518,0.56353486,0.012751587,0.020138796,0.00374784,5.35E-05,1.22E-05,1.10E-07,4.20E-09,2.58E-10,1.66E-10,7.00E-12,1.71E-13,1.25E-13,1.62E-13,8.38E-14,5.73E-14
149,0.10476103,0.005173175,0.3651495,0.047054775,0.42361537,0.032901965,0.016932657,0.004000269,0.000282697,0.000126212,2.27E-06,1.19E-07,2.20E-08,8.24E-09,8.24E-10,8.88E-11,6.71E-11,9.72E-11,5.04E-11,3.93E-11
150,0.009715118,0.014893747,0.20588414,0.023334,0.6963181,0.027776537,0.01858065,0.003096694,0.000337599,6.26E-05,7.53E-07,8.80E-08,6.70E-09,1.57E-08,4.68E-10,1.86E-11,1.62E-11,1.66E-11,1.17E-11,8.98E-12
151,0.000133978,0.011647848,0.40475827,0.010933192,0.36505416,0.17448264,0.030018829,0.00270955,0.000219816,4.17E-05,1.75E-08,4.46E-09,1.64E-10,3.92E-09,4.24E-12,3.24E-14,3.46E-14,3.38E-14,2.58E-14,1.48E-14
152,0.056648448,0.17990485,0.22598991,0.13652115,0.15173964,0.16277178,0.050513536,0.0189163,0.01104248,0.004142629,0.000830002,0.000404964,0.000128339,0.000330668,6.11E-05,1.22E-05,1.19E-05,1.19E-05,9.75E-06,8.55E-06
153,0.08539479,0.12101027,0.1694695,0.25102684,0.16161399,0.124479055,0.05238346,0.022221513,0.008103168,0.002809939,0.000862252,0.00029464,8.48E-05,0.000164358,4.70E-05,8.22E-06,7.36E-06,7.75E-06,5.94E-06,5.27E-06
154,0.14591001,0.118237555,0.16383123,0.20103376,0.15235566,0.12442852,0.05203363,0.024596993,0.010066785,0.004224374,0.001791837,0.000605396,0.000230333,0.000360696,0.000145752,3.46E-05,3.05E-05,3.35E-05,2.55E-05,2.34E-05
155,0.10727347,0.18540753,0.12652639,0.21716262,0.12724613,0.14529213,0.05086459,0.021964818,0.011346904,0.003907582,0.001557964,0.000619831,0.000185899,0.000394684,0.000137165,2.74E-05,2.43E-05,2.34E-05,1.94E-05,1.78E-05
156,0.081678234,0.11869301,0.23709117,0.18069007,0.16712098,0.13128966,0.048659828,0.020644723,0.008851855,0.003611466,0.000886667,0.000345443,0.000117406,0.000215053,5.36E-05,1.14E-05,1.08E-05,1.18E-05,8.95E-06,7.90E-06
157,0.09076442,0.096926734,0.13379544,0.21888898,0.23737378,0.12572739,0.062017903,0.024255523,0.007173182,0.002148331,0.000598091,0.000165004,3.79E-05,9.11E-05,2.42E-05,2.92E-06,2.58E-06,2.68E-06,2.07E-06,1.82E-06
158,0.092820674,0.16217561,0.20379862,0.13704391,0.17684005,0.13897282,0.050633907,0.020351985,0.010956369,0.004110395,0.001141871,0.000478605,0.00015948,0.000343809,8.83E-05,1.91E-05,1.78E-05,1.86E-05,1.49E-05,1.33E-05
159,0.07759873,0.090305656,0.25397748,0.20108795,0.10326289,0.18166651,0.053467214,0.02346169,0.008664103,0.004515161,0.001004438,0.000398338,0.000162637,0.000285518,6.98E-05,1.59E-05,1.50E-05,1.74E-05,1.26E-05,1.09E-05
160,0.08386655,0.12740822,0.18586802,0.1833212,0.1544184,0.16184387,0.05820325,0.025169326,0.011936809,0.004887538,0.001485211,0.000623718,0.000218742,0.000491209,0.000136206,2.72E-05,2.59E-05,2.79E-05,2.16E-05,1.92E-05
161,0.07932163,0.30427048,0.13046764,0.20368871,0.094932556,0.11994123,0.036616176,0.014024457,0.011225919,0.003445328,0.001064437,0.000503129,0.000128225,0.000235764,6.98E-05,1.64E-05,1.43E-05,1.27E-05,1.10E-05,1.01E-05
162,0.0646207,0.19554818,0.20470306,0.15073298,0.11390014,0.17877674,0.051054314,0.019561686,0.012938868,0.005230386,0.001247295,0.000658339,0.000231599,0.000554181,0.000119367,2.76E-05,2.67E-05,2.66E-05,2.19E-05,1.93E-05
163,0.035324987,0.18494464,0.19403471,0.22445963,0.07837969,0.20703097,0.04611004,0.01605008,0.009223927,0.003314435,0.000526702,0.000270407,7.58E-05,0.000200228,3.08E-05,5.34E-06,5.21E-06,4.96E-06,4.00E-06,3.38E-06
164,0.05738404,0.21647325,0.069824204,0.3455878,0.06381697,0.17477061,0.044738583,0.01707487,0.007505279,0.001988733,0.000506712,0.000177408,3.33E-05,8.68E-05,2.15E-05,2.68E-06,2.31E-06,1.87E-06,1.61E-06,1.45E-06
165,0.054180004,0.052089926,0.093375795,0.25260407,0.19610088,0.18373857,0.11359947,0.042993657,0.007636927,0.002580946,0.000665674,0.000184167,4.25E-05,0.000159572,3.58E-05,2.90E-06,2.61E-06,2.68E-06,2.10E-06,1.82E-06
166,0.018924112,0.11641408,0.014667702,0.79635155,0.012010424,0.030968888,0.007914605,0.002473949,0.000240208,3.15E-05,2.59E-06,2.70E-07,1.84E-08,1.69E-08,2.90E-09,1.78E-10,1.28E-10,7.10E-11,6.02E-11,5.23E-11
167,0.003427084,0.09186723,0.1244697,0.1298825,0.07054915,0.47520083,0.078736596,0.01627845,0.00719296,0.002204369,6.94E-05,4.15E-05,6.34E-06,7.13E-05,2.11E-06,9.04E-08,9.78E-08,8.15E-08,7.05E-08,5.28E-08
168,0.06743547,0.17449655,0.41236535,0.03510009,0.04027804,0.22408228,0.02965844,0.008248195,0.00525053,0.002622146,0.000208635,0.000109835,4.48E-05,7.92E-05,8.38E-06,2.79E-06,2.51E-06,2.80E-06,2.19E-06,1.81E-06
169,0.07001684,0.025313487,0.18226883,0.16164942,0.31801245,0.12589034,0.08296611,0.028169833,0.003833695,0.001619197,0.000193188,3.64E-05,9.07E-06,1.69E-05,3.01E-06,3.02E-07,2.69E-07,3.15E-07,2.18E-07,1.80E-07
170,0.06970452,0.10331378,0.2750216,0.18910913,0.21631218,0.08816566,0.03688844,0.014430987,0.004898673,0.001695258,0.000293108,9.21E-05,2.44E-05,3.69E-05,7.46E-06,1.37E-06,1.24E-06,1.36E-06,1.00E-06,8.66E-07
171,0.03751739,0.23495778,0.2547952,0.17503318,0.13942355,0.105033115,0.033254065,0.011109808,0.00648098,0.001869806,0.000281258,0.000132416,3.05E-05,6.41E-05,9.44E-06,1.78E-06,1.69E-06,1.58E-06,1.32E-06,1.13E-06
172,0.023333332,0.049270414,0.24223435,0.15299527,0.33935535,0.1118942,0.058149233,0.017943654,0.003609636,0.0010938,8.01E-05,2.29E-05,3.98E-06,1.24E-05,1.12E-06,8.86E-08,8.46E-08,9.19E-08,6.78E-08,5.45E-08
173,0.064371794,0.12157234,0.19996971,0.20095764,0.19884624,0.12926847,0.052303463,0.020681335,0.008169604,0.002756187,0.000619179,0.00023047,6.20E-05,0.00014014,3.03E-05,4.83E-06,4.53E-06,4.76E-06,3.68E-06,3.20E-06
174,0.1001246,0.18158045,0.1412387,0.20668067,0.18615672,0.10968462,0.04421653,0.017897407,0.008532763,0.002457374,0.000837721,0.000293966,7.13E-05,0.000149163,4.61E-05,7.81E-06,6.92E-06,6.78E-06,5.51E-06,4.96E-06
175,0.08611137,0.07731302,0.11257591,0.22936998,0.27641606,0.11397499,0.06890135,0.026532196,0.006281786,0.001771894,0.000509151,0.00012448,2.58E-05,6.67E-05,1.80E-05,1.81E-06,1.56E-06,1.62E-06,1.25E-06,1.10E-06
176,0.08917033,0.1005346,0.19674793,0.22319418,0.18409252,0.11891812,0.0523506,0.022673309,0.007887017,0.002981675,0.000843291,0.000281592,8.81E-05,0.000157176,4.41E-05,8.19E-06,7.43E-06,8.21E-06,6.13E-06,5.42E-06
177,0.081434384,0.1576592,0.21921135,0.17806965,0.1339779,0.14308119,0.048546344,0.020205522,0.010833105,0.004408267,0.001233204,0.000557936,0.000197278,0.000377641,0.000100112,2.40E-05,2.30E-05,2.41E-05,1.90E-05,1.68E-05
178,0.079215996,0.08398406,0.22946803,0.13965824,0.223535,0.14787814,0.060004868,0.0234254,0.008209453,0.003479588,0.000651081,0.000218245,6.99E-05,0.000147298,3.11E-05,5.29E-06,4.96E-06,5.57E-06,4.17E-06,3.63E-06
179,0.07868227,0.108685344,0.2721413,0.20150194,0.12737513,0.13571689,0.044528108,0.019106524,0.007494285,0.003389228,0.000741067,0.000287837,0.000104465,0.000163628,3.98E-05,9.48E-06,8.90E-06,1.01E-05,7.39E-06,6.43E-06
180,0.14244539,0.11008382,0.16516303,0.22309723,0.17127894,0.10657095,0.047562655,0.021773178,0.007473782,0.00283322,0.001052891,0.000306896,0.000102827,0.000149666,5.62E-05,1.18E-05,1.02E-05,1.12E-05,8.37E-06,7.63E-06
181,0.075622566,0.115123704,0.20317696,0.20312981,0.15217277,0.15558754,0.05602472,0.023555435,0.009748804,0.003929337,0.001003581,0.000395863,0.000130921,0.000272947,6.80E-05,1.29E-05,1.22E-05,1.31E-05,9.99E-06,8.80E-06
182,0.06556385,0.1617235,0.15445448,0.22722133,0.14962633,0.15166889,0.053268068,0.02121481,0.010198651,0.003264342,0.000931855,0.000388012,0.00010163,0.000264931,6.50E-05,1.04E-05,9.71E-06,9.70E-06,7.79E-06,6.83E-06
183,0.055417154,0.115442075,0.24251883,0.24203001,0.067858815,0.19799116,0.0469933,0.019197408,0.007503481,0.003585182,0.000716359,0.000315654,0.000116975,0.000222334,4.62E-05,1.02E-05,9.72E-06,1.05E-05,7.88E-06,6.66E-06
184,0.048844356,0.096465,0.1769041,0.29982397,0.14744721,0.14028451,0.058858603,0.022402057,0.006225006,0.002045638,0.000418333,0.00014201,3.47E-05,8.00E-05,1.58E-05,2.09E-06,1.91E-06,1.97E-06,1.49E-06,1.27E-06
185,0.004792658,0.18822463,0.000123972,0.7964777,0.007254273,0.002343779,0.000648719,0.000128592,5.74E-06,8.06E-08,1.08E-09,1.73E-11,4.60E-14,3.24E-14,3.98E-15,1.46E-17,6.66E-18,1.36E-18,1.63E-18,1.52E-18
186,0.009280738,0.08380907,0.003023522,0.826516,0.018118914,0.041478492,0.014295017,0.003290779,0.000175506,1.14E-05,6.04E-07,4.09E-08,8.53E-10,2.52E-09,2.87E-10,3.56E-12,2.38E-12,1.03E-12,1.00E-12,8.33E-13
187,0.002893162,0.18158256,0.056608006,0.5166438,0.01290947,0.2030592,0.019974936,0.004376843,0.001682276,0.000256974,8.26E-06,3.14E-06,2.18E-07,1.03E-06,4.21E-08,1.87E-09,1.72E-09,1.13E-09,9.74E-10,7.31E-10
188,0.04150293,0.10238975,0.28927547,0.13019438,0.18183048,0.17515141,0.052936077,0.017866764,0.006105145,0.002330873,0.000233867,8.73E-05,2.30E-05,6.10E-05,7.13E-06,1.01E-06,9.57E-07,1.01E-06,7.79E-07,6.48E-07
189,0.03226216,0.19696888,0.24122305,0.18770353,0.1357654,0.14187616,0.040525075,0.01360454,0.007266352,0.002211056,0.000303272,0.000146687,3.42E-05,8.94E-05,1.19E-05,1.90E-06,1.87E-06,1.77E-06,1.46E-06,1.23E-06
190,0.042110957,0.13361125,0.23783171,0.13880843,0.1731525,0.18436895,0.056676585,0.020157188,0.009005538,0.003325649,0.000467248,0.000208465,5.81E-05,0.000176312,2.46E-05,3.70E-06,3.62E-06,3.70E-06,2.95E-06,2.51E-06
191,0.083149515,0.09518245,0.23860225,0.17283727,0.1978223,0.12872985,0.050793126,0.020925876,0.007692269,0.003121369,0.000662703,0.000223992,7.19E-05,0.000129756,3.02E-05,5.70E-06,5.28E-06,5.95E-06,4.41E-06,3.84E-06
192,0.102751836,0.07612371,0.20898849,0.16430953,0.25752208,0.10761138,0.052420065,0.020890962,0.006208785,0.00237245,0.000519026,0.000140559,4.15E-05,6.91E-05,1.77E-05,2.96E-06,2.65E-06,3.02E-06,2.21E-06,1.93E-06
193,0.09765956,0.10187964,0.22723018,0.14104047,0.23543015,0.11766007,0.048626136,0.019281713,0.007365775,0.002815994,0.000605659,0.000192486,5.93E-05,0.00010656,2.56E-05,4.76E-06,4.36E-06,4.85E-06,3.64E-06,3.21E-06
194,0.13536716,0.10766512,0.172099,0.2085912,0.19611594,0.10108022,0.04688097,0.020775627,0.007277683,0.002655778,0.000928391,0.00026794,8.46E-05,0.000127302,4.53E-05,9.03E-06,7.84E-06,8.64E-06,6.47E-06,5.83E-06
195,0.11462671,0.12777904,0.17631945,0.18921252,0.12823029,0.15724769,0.056665085,0.026366033,0.012825724,0.005842162,0.002284711,0.000951552,0.000389069,0.000720643,0.000256759,6.37E-05,5.91E-05,6.47E-05,4.99E-05,4.52E-05
196,0.113986395,0.122959524,0.095573924,0.25548196,0.22174014,0.10439637,0.05508143,0.021899292,0.006374453,0.001640742,0.000593342,0.000145678,2.93E-05,6.54E-05,2.21E-05,2.57E-06,2.14E-06,2.05E-06,1.66E-06,1.51E-06
197,0.122245565,0.11131785,0.14456013,0.20975195,0.2058694,0.11629091,0.054140184,0.023319123,0.008149481,0.002750163,0.000985097,0.000289298,8.22E-05,0.00015797,5.36E-05,8.87E-06,7.77E-06,8.28E-06,6.37E-06,5.75E-06
198,0.10245554,0.05714382,0.14569569,0.20053938,0.30057377,0.09907364,0.062452815,0.024399213,0.005275988,0.00177057,0.000436841,9.67E-05,2.35E-05,4.41E-05,1.22E-05,1.49E-06,1.29E-06,1.45E-06,1.06E-06,9.15E-07
199,0.081659295,0.20461696,0.16538586,0.19068566,0.16041677,0.1189585,0.044841472,0.017858364,0.010313971,0.003237385,0.001044213,0.000451437,0.000123689,0.000268357,7.49E-05,1.49E-05,1.38E-05,1.35E-05,1.11E-05,9.92E-06
200,0.085620485,0.1461091,0.17437467,0.17953451,0.13297088,0.17352864,0.05865894,0.025460681,0.013657969,0.005738347,0.001928025,0.000887904,0.000328665,0.000762606,0.000222607,4.83E-05,4.61E-05,4.87E-05,3.85E-05,3.44E-05
201,0.12222004,0.10126983,0.12768592,0.21260265,0.27875236,0.084589824,0.047085863,0.018558951,0.005216672,0.001407755,0.000433569,9.89E-05,2.09E-05,3.84E-05,1.22E-05,1.56E-06,1.30E-06,1.35E-06,1.04E-06,9.28E-07
202,0.11011428,0.11635074,0.15078646,0.20719025,0.20719306,0.11825156,0.05428892,0.023015155,0.008402097,0.002810395,0.000958019,0.00029703,8.34E-05,0.000168279,5.34E-05,8.78E-06,7.78E-06,8.26E-06,6.39E-06,5.73E-06
203,0.1219152,0.11424848,0.1789617,0.200236,0.1281342,0.14957678,0.056854486,0.027394766,0.012069261,0.005699159,0.002353709,0.000927138,0.000398762,0.000680549,0.000258341,6.58E-05,6.04E-05,6.75E-05,5.12E-05,4.67E-05
204,0.06678937,0.09185319,0.1703782,0.2338217,0.19055201,0.14331684,0.06493916,0.026109135,0.008151583,0.002874847,0.000702568,0.000237384,6.44E-05,0.00015225,3.56E-05,5.04E-06,4.64E-06,4.97E-06,3.77E-06,3.28E-06
205,0.04812219,0.14716847,0.16222505,0.22165664,0.0757982,0.24031648,0.0601657,0.02381612,0.012390819,0.005286089,0.00127237,0.000656722,0.000229733,0.000648983,0.000135749,2.51E-05,2.47E-05,2.44E-05,1.95E-05,1.70E-05
206,0.043916482,0.11689944,0.038721874,0.24471894,0.23164685,0.19182374,0.09549476,0.028169502,0.00703973,0.001188326,0.000259736,6.48E-05,6.31E-06,4.09E-05,7.49E-06,3.02E-07,2.61E-07,1.96E-07,1.80E-07,1.60E-07
207,0.04832104,0.28852135,0.021281898,0.49601525,0.051154822,0.068843946,0.018000392,0.005962677,0.001644607,0.000219251,2.90E-05,4.80E-06,3.34E-07,5.51E-07,1.26E-07,7.77E-09,5.63E-09,3.36E-09,3.12E-09,2.84E-09
208,0.03056839,0.070748925,0.000296195,0.84939206,0.023331132,0.014264689,0.008855676,0.002482157,5.79E-05,2.54E-06,2.32E-07,5.13E-09,6.15E-11,1.13E-10,3.63E-11,2.24E-13,1.19E-13,3.88E-14,4.13E-14,4.13E-14
209,0.07875362,0.035271417,0.3900889,0.20052089,0.15908784,0.08888218,0.031743534,0.012153739,0.002207745,0.001148769,0.000105286,2.16E-05,6.78E-06,5.75E-06,1.05E-06,1.96E-07,1.69E-07,2.24E-07,1.38E-07,1.13E-07
210,0.07591454,0.27539724,0.24097528,0.08692806,0.13070787,0.12533814,0.037555847,0.012598451,0.009944897,0.003346265,0.000629043,0.00031084,9.76E-05,0.000180717,3.46E-05,9.67E-06,8.72E-06,8.51E-06,7.20E-06,6.52E-06
211,0.034446783,0.03205329,0.22276828,0.2012282,0.36149698,0.07571565,0.051829178,0.017153176,0.002460479,0.000757656,6.79E-05,1.41E-05,2.50E-06,4.93E-06,6.18E-07,5.20E-08,4.68E-08,5.39E-08,3.72E-08,3.00E-08
212,0.089230716,0.15580966,0.26214474,0.13443984,0.12581977,0.15054904,0.046442002,0.018767424,0.010077013,0.00450623,0.001054762,0.00047348,0.000182839,0.000327788,7.86E-05,2.15E-05,2.03E-05,2.20E-05,1.72E-05,1.52E-05
213,0.052802883,0.16049217,0.28179595,0.1620616,0.11730488,0.1532291,0.04318096,0.016323693,0.008236324,0.003367597,0.000583584,0.000278115,8.97E-05,0.000187276,3.31E-05,7.37E-06,7.19E-06,7.52E-06,5.94E-06,5.05E-06
214,0.08793895,0.1193205,0.24662422,0.19825938,0.14243451,0.12726887,0.045193702,0.019496273,0.008288045,0.003518214,0.000891061,0.000344238,0.00012239,0.000193647,5.18E-05,1.23E-05,1.15E-05,1.27E-05,9.46E-06,8.35E-06
215,0.11007524,0.06862725,0.18964514,0.18542969,0.2822256,0.08748785,0.049392704,0.019631026,0.005077435,0.001804147,0.000418513,9.95E-05,2.68E-05,4.04E-05,1.12E-05,1.76E-06,1.53E-06,1.75E-06,1.26E-06,1.10E-06
216,0.065717034,0.088876,0.1986039,0.21827416,0.20672566,0.1299444,0.05807356,0.023168616,0.00717592,0.002538715,0.000537884,0.000176744,4.79E-05,0.000102884,2.23E-05,3.29E-06,3.04E-06,3.31E-06,2.47E-06,2.14E-06
217,0.08126719,0.07015866,0.24884261,0.16735443,0.2162153,0.1289834,0.05444313,0.022106225,0.006770525,0.002968693,0.000540493,0.000166139,5.36E-05,9.28E-05,2.06E-05,3.64E-06,3.37E-06,3.93E-06,2.83E-06,2.44E-06
218,0.12415555,0.085972436,0.1614147,0.2345711,0.24284019,0.0798539,0.044894204,0.018986857,0.005006908,0.001608735,0.000485708,0.000114025,2.98E-05,4.28E-05,1.40E-05,2.26E-06,1.89E-06,2.10E-06,1.54E-06,1.37E-06
219,0.06372213,0.1882178,0.26881874,0.18344976,0.075864494,0.15046252,0.03898017,0.015336453,0.009005365,0.004053353,0.000929022,0.000492871,0.000185513,0.000314565,7.17E-05,2.15E-05,2.07E-05,2.14E-05,1.71E-05,1.48E-05
220,0.14345673,0.08801063,0.08894263,0.22618023,0.28020653,0.08904718,0.055169646,0.021841442,0.005172968,0.001332663,0.00047511,9.24E-05,1.79E-05,3.55E-05,1.31E-05,1.41E-06,1.14E-06,1.13E-06,8.90E-07,8.10E-07
221,0.11077015,0.09590316,0.21291015,0.14734063,0.17940809,0.15374841,0.05785435,0.024828497,0.010211776,0.004695603,0.001246063,0.000438175,0.000167081,0.000306888,8.72E-05,1.87E-05,1.74E-05,1.98E-05,1.48E-05,1.31E-05
222,0.1179902,0.055109996,0.22761375,0.190681,0.2060218,0.11447546,0.05420124,0.02367874,0.006217595,0.002971954,0.000672982,0.000174197,6.31E-05,8.24E-05,2.44E-05,4.83E-06,4.32E-06,5.25E-06,3.63E-06,3.17E-06
223,0.12071052,0.100642204,0.18617314,0.19586012,0.19267549,0.11604471,0.051507797,0.022934262,0.008350276,0.003277228,0.001071646,0.00033638,0.000113462,0.000187299,6.17E-05,1.24E-05,1.11E-05,1.26E-05,9.33E-06,8.34E-06
224,0.09931736,0.11167123,0.157751,0.25452766,0.15274718,0.13232154,0.055545885,0.023874186,0.007899713,0.002830705,0.00090318,0.000284778,8.45E-05,0.000157823,4.84E-05,8.40E-06,7.40E-06,7.81E-06,5.96E-06,5.32E-06
225,0.04037217,0.44536224,0.03327133,0.37013665,0.06460088,0.03275292,0.009167248,0.002879349,0.001291202,0.000147057,1.55E-05,2.98E-06,1.92E-07,1.98E-07,4.04E-08,3.56E-09,2.48E-09,1.47E-09,1.38E-09,1.24E-09
226,0.06561249,0.22617565,0.025519095,0.3409579,0.18196706,0.095656574,0.04566543,0.014016874,0.003818531,0.000476894,0.000106082,1.99E-05,1.43E-06,4.80E-06,1.19E-06,5.45E-08,4.12E-08,2.69E-08,2.52E-08,2.36E-08
227,0.048644148,0.16998152,0.23604795,0.19269009,0.08006927,0.19552162,0.045530505,0.017050857,0.009096408,0.00382712,0.000695097,0.00035807,0.000120715,0.000271175,4.87E-05,1.06E-05,1.04E-05,1.04E-05,8.29E-06,7.08E-06
228,0.008429658,0.051615443,0.008154942,0.77712774,0.026486903,0.08221415,0.03614081,0.009248222,0.00052271,5.44E-05,4.36E-06,5.13E-07,2.09E-08,9.33E-08,1.04E-08,1.91E-10,1.44E-10,8.13E-11,7.27E-11,5.94E-11
229,0.07649183,0.24682298,0.08922481,0.2956432,0.050291706,0.17337652,0.03835665,0.016089806,0.008968444,0.003086216,0.000900593,0.000363669,9.69E-05,0.00018905,5.55E-05,1.11E-05,9.61E-06,8.12E-06,7.01E-06,6.30E-06
230,0.03685958,0.1724115,0.065896094,0.39928952,0.057279862,0.19657734,0.04820275,0.016559206,0.005327679,0.001245757,0.000224647,7.21E-05,1.08E-05,3.48E-05,6.27E-06,5.59E-07,4.91E-07,3.90E-07,3.29E-07,2.85E-07
231,0.0773716,0.096866325,0.23178674,0.19152826,0.23852895,0.0957359,0.042963866,0.017054725,0.005672679,0.001903347,0.000376919,0.000112529,2.96E-05,4.97E-05,1.10E-05,1.83E-06,1.65E-06,1.83E-06,1.35E-06,1.17E-06
232,0.07335135,0.20792839,0.16249345,0.15756565,0.15206999,0.15553756,0.051670324,0.019569708,0.012890344,0.004337685,0.001226856,0.000570413,0.000165695,0.000432181,0.000104556,1.99E-05,1.88E-05,1.83E-05,1.53E-05,1.36E-05
233,0.12793231,0.2556894,0.06661719,0.20197248,0.15373504,0.11967612,0.042764407,0.017229442,0.010172037,0.00251728,0.00104038,0.000342454,6.67E-05,0.000152501,5.97E-05,8.74E-06,7.29E-06,6.08E-06,5.40E-06,5.13E-06
234,0.07575877,0.13535345,0.25346956,0.13644682,0.15224127,0.15913825,0.051035248,0.02044107,0.009967594,0.00429588,0.000903299,0.000389502,0.000139521,0.000293817,6.28E-05,1.40E-05,1.34E-05,1.46E-05,1.13E-05,9.92E-06
235,0.10319453,0.08229372,0.19154666,0.22281665,0.19469385,0.11407086,0.055141337,0.024500802,0.007372614,0.002940724,0.000867068,0.000259576,8.54E-05,0.000139552,4.26E-05,7.91E-06,7.05E-06,8.03E-06,5.87E-06,5.21E-06
236,0.09293509,0.12293779,0.1551932,0.17738892,0.23535353,0.12648089,0.0553743,0.021859786,0.0085389,0.002664983,0.000758551,0.000242129,6.16E-05,0.000147491,3.89E-05,5.63E-06,5.10E-06,5.33E-06,4.17E-06,3.70E-06
237,0.098809235,0.12558179,0.1426698,0.14657122,0.3033325,0.10714071,0.04960017,0.017677872,0.006341236,0.001662525,0.000407464,0.000108648,2.24E-05,5.48E-05,1.32E-05,1.59E-06,1.40E-06,1.40E-06,1.11E-06,9.92E-07
238,0.09693372,0.16053669,0.106051184,0.2406923,0.20803858,0.109140344,0.049642473,0.01922566,0.00706873,0.001750856,0.000592667,0.000173103,3.42E-05,8.25E-05,2.49E-05,3.09E-06,2.66E-06,2.48E-06,2.04E-06,1.85E-06
239,0.12932575,0.085627355,0.09204062,0.2688285,0.29249027,0.06609252,0.04419187,0.016961165,0.003389619,0.000762356,0.000229588,3.85E-05,6.35E-06,1.07E-05,3.60E-06,3.56E-07,2.77E-07,2.75E-07,2.11E-07,1.89E-07
240,0.07912469,0.16877945,0.180414,0.16731589,0.108558,0.18444304,0.057626516,0.024641229,0.0157755,0.007122894,0.002414088,0.001291062,0.00052584,0.001220882,0.0003504,8.79E-05,8.54E-05,8.79E-05,7.13E-05,6.41E-05
241,0.112692885,0.10272136,0.20971093,0.19345082,0.1840077,0.11492629,0.048010908,0.02140272,0.008126974,0.003277261,0.000972289,0.000317282,0.000109625,0.000170597,5.29E-05,1.13E-05,1.03E-05,1.16E-05,8.57E-06,7.65E-06
242,0.08639452,0.089755125,0.1557202,0.22839423,0.2631426,0.094341114,0.05289481,0.021086147,0.005834122,0.001738675,0.000464899,0.000123991,2.87E-05,5.74E-05,1.52E-05,2.00E-06,1.74E-06,1.88E-06,1.42E-06,1.24E-06
243,0.097773336,0.08866341,0.1990792,0.18812877,0.18615198,0.14059418,0.05904803,0.02575777,0.009074079,0.003854278,0.001049606,0.00035306,0.0001231,0.000229777,6.47E-05,1.23E-05,1.14E-05,1.29E-05,9.56E-06,8.47E-06
244,0.120224126,0.11999914,0.16105619,0.17323616,0.19882439,0.13283688,0.0549889,0.023469245,0.00972801,0.003524135,0.001202848,0.000393907,0.000123115,0.000249837,8.03E-05,1.46E-05,1.32E-05,1.42E-05,1.09E-05,9.88E-06
245,0.05761136,0.19373994,0.15766159,0.29853597,0.0765322,0.14992616,0.039772127,0.015426469,0.007359156,0.002367455,0.000580737,0.000242138,6.42E-05,0.000128268,2.95E-05,5.67E-06,5.11E-06,4.78E-06,3.86E-06,3.38E-06
246,0.009642204,0.32816294,0.023565492,0.5579693,0.040816702,0.030460456,0.007187317,0.001666592,0.000492235,3.51E-05,1.48E-06,2.35E-07,7.03E-09,1.16E-08,1.00E-09,3.82E-11,2.69E-11,1.43E-11,1.31E-11,1.08E-11
247,0.061033096,0.22127718,0.02470096,0.4858012,0.07350377,0.09179993,0.029579483,0.009855106,0.002087212,0.000299765,5.13E-05,8.48E-06,6.92E-07,1.49E-06,3.59E-07,2.07E-08,1.56E-08,9.97E-09,8.97E-09,8.21E-09
248,0.023144541,0.11933649,0.1427593,0.32138863,0.07233954,0.23182735,0.060614873,0.019858856,0.00630073,0.001925225,0.000264739,0.00011438,2.40E-05,8.57E-05,1.09E-05,1.13E-06,1.10E-06,9.98E-07,7.94E-07,6.62E-07
249,0.008020659,0.22499534,0.10725789,0.47861403,0.015073773,0.14305809,0.016002525,0.004379628,0.00209661,0.000456713,2.81E-05,1.15E-05,1.49E-06,3.34E-06,2.55E-07,2.77E-08,2.52E-08,1.89E-08,1.56E-08,1.21E-08
250,0.039503586,0.17035118,0.11819495,0.37956578,0.08939801,0.13827169,0.042871803,0.015080983,0.005158143,0.001229888,0.000234757,8.11E-05,1.41E-05,3.48E-05,6.41E-06,7.49E-07,6.65E-07,5.78E-07,4.68E-07,4.04E-07
251,0.1619454,0.06531856,0.13802429,0.14880511,0.3334979,0.081748486,0.047351502,0.01738597,0.004181545,0.001319418,0.000320817,5.86E-05,1.34E-05,1.95E-05,6.16E-06,8.39E-07,6.97E-07,7.45E-07,5.54E-07,4.91E-07
252,0.06942822,0.102081895,0.18401223,0.22616017,0.23555192,0.103706464,0.050412104,0.019789876,0.006256126,0.001909126,0.000435938,0.000134227,3.19E-05,6.59E-05,1.50E-05,2.12E-06,1.91E-06,2.04E-06,1.54E-06,1.33E-06
253,0.101765476,0.1255691,0.23253979,0.1700543,0.17276028,0.118413344,0.045597352,0.019399863,0.008696019,0.003484993,0.000946593,0.000347464,0.000119936,0.000195638,5.45E-05,1.26E-05,1.16E-05,1.28E-05,9.68E-06,8.64E-06
254,0.06342658,0.15534799,0.21253176,0.21133944,0.117184095,0.15593456,0.048361972,0.019771248,0.01007671,0.003942728,0.000997494,0.000464908,0.0001528,0.000319966,7.57E-05,1.63E-05,1.57E-05,1.63E-05,1.27E-05,1.11E-05
255,0.10766066,0.069061704,0.12205626,0.23685999,0.26010272,0.10449906,0.06471738,0.026427306,0.005926013,0.001862991,0.000573088,0.000130215,3.09E-05,6.27E-05,1.96E-05,2.33E-06,1.97E-06,2.13E-06,1.60E-06,1.42E-06
256,0.09510044,0.12122973,0.15650223,0.2113304,0.2041828,0.12197353,0.054282665,0.022552347,0.008544137,0.002799085,0.000883932,0.000289677,7.86E-05,0.000168339,4.90E-05,7.83E-06,7.04E-06,7.42E-06,5.76E-06,5.11E-06
257,0.07350765,0.0694977,0.19013241,0.22726223,0.25417635,0.1005638,0.055172548,0.021922292,0.005390711,0.00180396,0.000379518,0.000101315,2.53E-05,4.72E-05,1.08E-05,1.46E-06,1.30E-06,1.46E-06,1.06E-06,9.12E-07
258,0.09754891,0.10936216,0.16974364,0.21454166,0.18222757,0.13212219,0.056506682,0.024097653,0.008869835,0.003240845,0.001000369,0.000333048,0.000100999,0.000201027,5.92E-05,1.03E-05,9.32E-06,1.01E-05,7.68E-06,6.83E-06
259,0.08552992,0.11987768,0.15779883,0.18510684,0.26001647,0.110112764,0.05181725,0.019785404,0.007079357,0.002039726,0.000526245,0.000157384,3.61E-05,8.39E-05,2.06E-05,2.76E-06,2.46E-06,2.55E-06,1.99E-06,1.76E-06
260,0.107900515,0.15904899,0.12897742,0.23158364,0.19493908,0.104557954,0.044608083,0.01813947,0.007203828,0.001983046,0.000670516,0.000202229,4.59E-05,9.21E-05,2.94E-05,4.47E-06,3.85E-06,3.79E-06,3.03E-06,2.74E-06
261,0.108606815,0.12363663,0.12797107,0.20594124,0.19543754,0.13954483,0.05967152,0.02484264,0.009458321,0.003052759,0.00107951,0.000341613,9.05E-05,0.00021467,6.81E-05,1.01E-05,9.01E-06,9.22E-06,7.32E-06,6.58E-06
262,0.08255846,0.124034956,0.20691521,0.2238824,0.16285193,0.120705605,0.046567988,0.019926779,0.008103704,0.002992307,0.000817864,0.000300907,9.31E-05,0.000165758,4.46E-05,8.89E-06,8.17E-06,8.83E-06,6.67E-06,5.88E-06
263,0.10178638,0.1303713,0.15493672,0.21212448,0.18689138,0.12530433,0.052663587,0.02224618,0.008955613,0.002989578,0.001001208,0.00033585,9.44E-05,0.000195401,6.02E-05,1.02E-05,9.20E-06,9.64E-06,7.52E-06,6.72E-06
264,0.07707642,0.29860905,0.025610901,0.2267624,0.18202583,0.12702316,0.04158609,0.013499646,0.006640958,0.000892161,0.000203523,4.79E-05,3.78E-06,1.39E-05,3.60E-06,1.98E-07,1.55E-07,1.01E-07,9.85E-08,9.37E-08
265,0.0683076,0.3748388,0.08845569,0.43342245,0.008767618,0.01977248,0.00430239,0.001452265,0.000496272,0.000149504,2.64E-05,6.79E-06,1.24E-06,3.84E-07,1.09E-07,4.39E-08,2.85E-08,1.81E-08,1.61E-08,1.48E-08
266,0.025885183,0.22070757,0.101146854,0.38069645,0.0458802,0.17361917,0.03398718,0.011219538,0.005275319,0.001280571,0.000180206,7.19E-05,1.18E-05,3.16E-05,4.56E-06,5.39E-07,4.81E-07,3.91E-07,3.28E-07,2.77E-07
267,0.040574715,0.23903425,0.17377988,0.33581766,0.05117129,0.117506854,0.026276855,0.009308349,0.004731734,0.001374781,0.000245194,0.000103756,2.40E-05,3.81E-05,7.03E-06,1.48E-06,1.32E-06,1.16E-06,9.45E-07,8.04E-07
268,0.01436764,0.23367296,0.002718399,0.6983634,0.041005485,0.006232155,0.002896156,0.000680025,6.16E-05,2.06E-06,8.81E-08,4.09E-09,4.72E-11,4.15E-11,6.35E-12,9.77E-14,5.48E-14,2.04E-14,2.03E-14,1.83E-14
269,0.049625523,0.15995678,0.2082415,0.345214,0.043927208,0.14248101,0.03078485,0.012068796,0.005033026,0.001905153,0.000413782,0.000173404,5.58E-05,8.28E-05,1.80E-05,4.45E-06,4.08E-06,4.07E-06,3.10E-06,2.62E-06
270,0.11882185,0.1464938,0.10044698,0.22831368,0.17845732,0.13337952,0.056919117,0.023689222,0.009068139,0.002653898,0.001069041,0.000323049,7.76E-05,0.000184055,6.56E-05,9.28E-06,8.04E-06,7.71E-06,6.32E-06,5.80E-06
271,0.13199589,0.12282772,0.11351674,0.25124353,0.18779045,0.10784733,0.05197586,0.022238947,0.00714072,0.002143735,0.000840294,0.000220602,5.47E-05,0.000102096,3.85E-05,5.78E-06,4.85E-06,4.89E-06,3.84E-06,3.52E-06
272,0.10931238,0.095554,0.2287758,0.21789265,0.15991955,0.11100764,0.04496236,0.020579964,0.007320367,0.003135632,0.000901804,0.000293158,0.000106798,0.000146063,4.56E-05,1.06E-05,9.57E-06,1.10E-05,7.94E-06,7.07E-06
273,0.111648984,0.17054743,0.18131557,0.15967745,0.11742256,0.1546977,0.053401846,0.023751928,0.014654282,0.006589314,0.002623953,0.001285833,0.000539708,0.001029852,0.000357749,0.000102894,9.62E-05,0.000101319,8.15E-05,7.40E-05
274,0.08016292,0.121600255,0.11019099,0.14274555,0.21219449,0.206046,0.07979348,0.02917641,0.012145708,0.003851446,0.001105111,0.000389538,9.57E-05,0.00037219,8.80E-05,9.90E-06,9.23E-06,8.93E-06,7.44E-06,6.68E-06
275,0.10608466,0.11041139,0.22241442,0.13994849,0.15817204,0.1633522,0.056538716,0.024146155,0.01103276,0.00517811,0.001363686,0.000527078,0.000210473,0.000396507,0.000108785,2.54E-05,2.39E-05,2.68E-05,2.03E-05,1.81E-05
276,0.08439642,0.2543711,0.16965353,0.22496276,0.10114222,0.10281999,0.03501886,0.01385946,0.009003015,0.002929968,0.000958268,0.000437668,0.00012505,0.000197713,6.02E-05,1.58E-05,1.39E-05,1.32E-05,1.10E-05,9.86E-06
277,0.09188744,0.09933161,0.23657599,0.21825998,0.14071333,0.13153754,0.047505878,0.021242093,0.00786911,0.003470036,0.000895015,0.00031882,0.000116187,0.00017769,4.96E-05,1.13E-05,1.04E-05,1.18E-05,8.59E-06,7.58E-06
278,0.11611788,0.13392088,0.17704502,0.14038472,0.18713404,0.14838657,0.05541057,0.02320077,0.01131414,0.004388867,0.001406041,0.00052013,0.00017696,0.000379079,0.000113702,2.29E-05,2.12E-05,2.27E-05,1.78E-05,1.61E-05
279,0.07767633,0.15312877,0.20589286,0.14397639,0.16273768,0.16028643,0.054653984,0.022096494,0.012093478,0.004798774,0.001242058,0.000558137,0.000192047,0.000456371,0.000108359,2.26E-05,2.18E-05,2.29E-05,1.82E-05,1.62E-05
280,0.10133971,0.07137393,0.23752269,0.17647363,0.21615338,0.11435423,0.051054057,0.021437563,0.006497101,0.002829568,0.000603437,0.000173967,5.83E-05,8.67E-05,2.26E-05,4.37E-06,3.97E-06,4.64E-06,3.32E-06,2.90E-06
281,0.099121094,0.15075763,0.15508881,0.18387492,0.20583096,0.12263862,0.049451828,0.019940333,0.008997866,0.002789429,0.000874192,0.000298694,7.80E-05,0.000173815,4.97E-05,8.10E-06,7.32E-06,7.50E-06,5.95E-06,5.32E-06
282,0.08778585,0.16130288,0.02891463,0.37018597,0.13053565,0.13421181,0.06017197,0.021218404,0.00456537,0.000803094,0.000233012,4.49E-05,4.91E-06,1.57E-05,4.83E-06,2.86E-07,2.25E-07,1.62E-07,1.44E-07,1.35E-07
283,0.048345868,0.2012553,0.12807766,0.34807917,0.08510467,0.12871729,0.038219888,0.014131952,0.005952173,0.001545822,0.00034321,0.000127912,2.58E-05,5.49E-05,1.17E-05,1.73E-06,1.52E-06,1.34E-06,1.10E-06,9.57E-07
284,0.034618262,0.32773864,0.008945582,0.5218179,0.042683017,0.047876425,0.011771224,0.003566381,0.000894294,8.01E-05,7.18E-06,8.71E-07,3.40E-08,5.49E-08,1.11E-08,4.08E-10,2.75E-10,1.34E-10,1.33E-10,1.23E-10
285,0.06253697,0.17920914,0.06651146,0.4776442,0.05902178,0.10500014,0.03295674,0.012818112,0.003280201,0.000779381,0.000174509,4.32E-05,7.53E-06,1.21E-05,3.21E-06,4.12E-07,3.38E-07,2.68E-07,2.20E-07,1.97E-07
286,0.06396492,0.439335,0.025582388,0.3041097,0.0395181,0.10099009,0.01675635,0.005966278,0.003152477,0.000533961,7.02E-05,1.61E-05,1.55E-06,2.32E-06,5.63E-07,5.46E-08,4.07E-08,2.38E-08,2.37E-08,2.16E-08
287,0.06146368,0.15145172,0.118972495,0.3411273,0.0605218,0.18668173,0.049185675,0.019913621,0.007074039,0.002419986,0.000653999,0.000246891,6.87E-05,0.000153631,3.83E-05,6.57E-06,5.98E-06,5.51E-06,4.43E-06,3.90E-06
288,0.09509038,0.18253848,0.066017084,0.21595256,0.25209278,0.10923896,0.051596884,0.018343901,0.007077507,0.001370583,0.000465224,0.000122017,1.74E-05,5.45E-05,1.63E-05,1.43E-06,1.21E-06,1.02E-06,8.86E-07,8.13E-07
289,0.11060982,0.14406241,0.11539311,0.2310081,0.22610949,0.09863406,0.04677161,0.018444104,0.006481999,0.001651591,0.000557324,0.000149924,3.06E-05,6.47E-05,2.06E-05,2.68E-06,2.28E-06,2.22E-06,1.78E-06,1.61E-06
290,0.10197089,0.16857056,0.11959169,0.25294566,0.1716237,0.11066686,0.045754664,0.01851908,0.007287923,0.001982074,0.000683046,0.000210327,4.69E-05,9.74E-05,3.10E-05,4.62E-06,3.97E-06,3.79E-06,3.07E-06,2.78E-06
291,0.1106683,0.11390601,0.14304708,0.20774119,0.22167623,0.11592515,0.054133873,0.021991841,0.007438236,0.002316413,0.000732171,0.000208666,5.29E-05,0.000109031,3.29E-05,4.84E-06,4.23E-06,4.40E-06,3.42E-06,3.06E-06
292,0.08897148,0.09756352,0.1519153,0.20036133,0.19658914,0.15378316,0.06774022,0.027986819,0.009710125,0.003532062,0.001043759,0.000346686,0.000100706,0.000245639,6.72E-05,9.91E-06,9.08E-06,9.76E-06,7.50E-06,6.63E-06
293,0.13739485,0.15237954,0.11354774,0.18473445,0.22407581,0.10964303,0.047859102,0.019244652,0.007761559,0.002126315,0.000794378,0.000221126,5.04E-05,0.000107644,3.76E-05,5.45E-06,4.66E-06,4.55E-06,3.68E-06,3.39E-06
294,0.066227965,0.10174069,0.121868275,0.18551089,0.26375753,0.14989176,0.07292717,0.026270472,0.00844857,0.002382139,0.000586638,0.000181736,3.76E-05,0.000129328,2.78E-05,2.72E-06,2.49E-06,2.49E-06,2.00E-06,1.74E-06
295,0.0744723,0.1286901,0.21195011,0.22101396,0.13561574,0.14323814,0.049320154,0.020975495,0.00920783,0.003655953,0.00096554,0.00039462,0.000130174,0.000247756,6.38E-05,1.33E-05,1.25E-05,1.34E-05,1.02E-05,8.95E-06
296,0.054191254,0.12820232,0.2481506,0.20133503,0.13967681,0.15045194,0.047382087,0.018600745,0.007906644,0.00304113,0.000557201,0.000234981,7.03E-05,0.000147296,2.82E-05,5.29E-06,5.11E-06,5.43E-06,4.14E-06,3.54E-06
297,0.07767225,0.13182984,0.23045398,0.1631942,0.1442959,0.15847515,0.05321457,0.022453116,0.011019842,0.004814591,0.001218395,0.00054003,0.000199446,0.000413263,0.000101493,2.29E-05,2.21E-05,2.40E-05,1.86E-05,1.64E-05
298,0.073801644,0.14927106,0.22863297,0.18283087,0.1003571,0.17557365,0.050207186,0.020874405,0.010806852,0.004905773,0.001239187,0.000593286,0.000228016,0.000445866,0.000109779,2.74E-05,2.64E-05,2.78E-05,2.17E-05,1.90E-05
299,0.029522218,0.07174916,0.0013584,0.78163236,0.024148623,0.0586398,0.025237577,0.007377529,0.000305446,2.55E-05,3.25E-06,1.71E-07,4.85E-09,1.69E-08,4.21E-09,4.68E-11,3.05E-11,1.30E-11,1.30E-11,1.24E-11
300,0.014712969,0.17554927,0.08473845,0.35529578,0.02180066,0.29152128,0.03744822,0.011488515,0.005503981,0.001608081,0.000175392,7.93E-05,1.42E-05,5.56E-05,5.97E-06,5.82E-07,5.52E-07,4.43E-07,3.76E-07,3.06E-07
301,0.058142275,0.17216341,0.21783228,0.21339196,0.063217625,0.19625002,0.04471984,0.017716978,0.009797084,0.004427127,0.001020337,0.000533716,0.000200785,0.000400785,8.81E-05,2.23E-05,2.15E-05,2.17E-05,1.72E-05,1.49E-05
302,0.017519362,0.07394186,0.20569867,0.3050586,0.10278796,0.20850302,0.061234213,0.019393347,0.004267788,0.001391397,0.000117197,4.49E-05,8.71E-06,2.92E-05,2.72E-06,2.44E-07,2.38E-07,2.38E-07,1.77E-07,1.41E-07
303,0.016972434,0.5348016,0.023632765,0.3218747,0.01892892,0.071610704,0.008220802,0.002300189,0.001464379,0.000181607,9.19E-06,2.26E-06,1.36E-07,1.92E-07,2.24E-08,1.68E-09,1.22E-09,6.37E-10,6.43E-10,5.53E-10
304,0.010631875,0.23722531,0.010746839,0.7393954,0.000998389,0.000812588,0.000151676,3.48E-05,2.90E-06,2.55E-07,7.01E-09,3.81E-10,1.22E-11,7.75E-13,1.06E-13,1.64E-14,7.51E-15,2.65E-15,2.50E-15,2.10E-15
305,0.09555131,0.18256909,0.19681929,0.15395787,0.12458392,0.14904815,0.05100443,0.021757152,0.013868275,0.005944167,0.002069592,0.001041442,0.000411496,0.000817317,0.000249072,6.91E-05,6.55E-05,6.79E-05,5.52E-05,4.97E-05
306,0.1064905,0.1175472,0.20874545,0.18103443,0.13750473,0.1503692,0.05381596,0.024424886,0.011323516,0.005241189,0.001708551,0.000691485,0.000280794,0.00049222,0.0001561,3.87E-05,3.64E-05,4.05E-05,3.06E-05,2.75E-05
307,0.113094054,0.12442812,0.22320604,0.21022296,0.10770823,0.1340152,0.04673762,0.021842934,0.010182058,0.004960202,0.001759018,0.000724202,0.000313907,0.000442324,0.000156462,4.68E-05,4.30E-05,4.82E-05,3.61E-05,3.26E-05
308,0.08183087,0.1399844,0.1808593,0.15908904,0.17319506,0.16364846,0.058254037,0.023996042,0.0119471,0.0045629,0.001284423,0.000535339,0.000175048,0.00043659,0.000110536,2.04E-05,1.94E-05,2.05E-05,1.62E-05,1.44E-05
309,0.08278756,0.14735693,0.17329262,0.20477313,0.12966855,0.16301085,0.055176634,0.023840297,0.012011079,0.004779624,0.001563751,0.000688749,0.000237424,0.000523057,0.000150901,3.17E-05,2.98E-05,3.12E-05,2.45E-05,2.18E-05
310,0.101133965,0.28346288,0.03845062,0.2344036,0.13531569,0.13869764,0.04249425,0.015678516,0.008152735,0.001552073,0.00045443,0.000124655,1.58E-05,4.45E-05,1.42E-05,1.29E-06,1.03E-06,7.45E-07,6.98E-07,6.64E-07
311,0.11831781,0.13209024,0.12430491,0.31807676,0.10061696,0.12755316,0.047654886,0.021265283,0.006546699,0.002263854,0.000817644,0.000237447,7.17E-05,0.000111054,4.03E-05,7.92E-06,6.70E-06,6.70E-06,5.18E-06,4.72E-06
312,0.1054552,0.23885486,0.074236125,0.24201305,0.19872773,0.08419192,0.035884947,0.013267619,0.005742055,0.001109475,0.000361686,9.65E-05,1.42E-05,3.06E-05,9.92E-06,1.14E-06,9.28E-07,7.72E-07,6.66E-07,6.14E-07
313,0.084953964,0.14650506,0.19338092,0.22106026,0.1096406,0.15341815,0.050308585,0.022117687,0.010846482,0.004614995,0.001499202,0.000665836,0.000247064,0.000460286,0.000136901,3.30E-05,3.08E-05,3.25E-05,2.52E-05,2.25E-05
314,0.11713292,0.22317506,0.092510805,0.21336938,0.090353966,0.17235954,0.049312722,0.020997923,0.012750512,0.004483966,0.001830988,0.000738568,0.000212,0.000462496,0.00017209,3.47E-05,3.02E-05,2.71E-05,2.33E-05,2.18E-05
315,0.037270598,0.15993461,0.2647363,0.5001217,0.00346246,0.028734913,0.004111096,0.001228427,0.000260792,0.000112681,1.79E-05,5.86E-06,1.75E-06,6.38E-07,1.16E-07,5.64E-08,3.97E-08,3.46E-08,2.52E-08,2.10E-08
316,0.031662807,0.26774788,0.07798182,0.31032586,0.04771693,0.20414515,0.037036426,0.012622548,0.008111895,0.002059773,0.000333811,0.000142242,2.37E-05,7.20E-05,1.18E-05,1.41E-06,1.23E-06,9.74E-07,8.58E-07,7.40E-07
317,0.030713022,0.24128652,0.15461467,0.2783777,0.04955778,0.18785663,0.03510315,0.011786356,0.007625589,0.002369291,0.000360035,0.000180289,4.20E-05,0.00010112,1.53E-05,2.65E-06,2.46E-06,2.17E-06,1.81E-06,1.53E-06
318,0.022416435,0.13359404,0.09209747,0.40535352,0.059839316,0.20986873,0.053611875,0.017023372,0.004785214,0.001157242,0.000153995,5.48E-05,8.36E-06,3.03E-05,3.95E-06,3.27E-07,3.01E-07,2.48E-07,2.04E-07,1.71E-07
319,0.008636554,0.19830452,0.030948566,0.6549318,0.01468063,0.07632649,0.012024597,0.003234254,0.000797571,0.00010754,5.95E-06,1.27E-06,8.17E-08,1.59E-07,1.45E-08,8.18E-10,6.57E-10,3.87E-10,3.41E-10,2.76E-10
320,0.000290948,0.004901045,4.87E-11,0.99394786,0.000855343,9.81E-07,3.53E-06,2.29E-07,9.33E-12,6.97E-16,4.82E-19,7.95E-24,9.49E-30,3.87E-30,5.83E-31,7.69E-37,1.05E-37,1.88E-39,4.38E-39,5.15E-39
321,0.07729965,0.09040649,0.20687893,0.16082445,0.18973254,0.16639213,0.06497386,0.026940376,0.010220589,0.004398247,0.00101217,0.000374889,0.000127998,0.000294868,6.85E-05,1.20E-05,1.14E-05,1.28E-05,9.63E-06,8.44E-06
322,0.12013448,0.07160397,0.21043381,0.14047684,0.24787788,0.12150665,0.055391163,0.02197698,0.006774068,0.002861395,0.000615492,0.000165223,5.38E-05,8.69E-05,2.32E-05,4.18E-06,3.75E-06,4.33E-06,3.14E-06,2.76E-06
323,0.08649083,0.14904681,0.13231885,0.21711475,0.15127714,0.16222776,0.059260525,0.024671437,0.011285421,0.003782791,0.00131962,0.000510233,0.000141894,0.000368629,0.000108805,1.76E-05,1.61E-05,1.61E-05,1.30E-05,1.17E-05
324,0.0876783,0.119451806,0.18230876,0.17435597,0.17848016,0.15611419,0.059454165,0.024875363,0.010802768,0.004194,0.001186534,0.000452361,0.000147477,0.000337938,8.91E-05,1.61E-05,1.50E-05,1.62E-05,1.25E-05,1.11E-05
325,0.07787031,0.16494009,0.23098634,0.20258528,0.082970075,0.15758699,0.04490016,0.01920636,0.010647778,0.004959965,0.001465573,0.000741445,0.000298393,0.000511314,0.000142986,4.21E-05,4.01E-05,4.23E-05,3.33E-05,2.92E-05
326,0.086716324,0.2650818,0.05318542,0.15156901,0.06703391,0.2809589,0.051212646,0.019944683,0.016349168,0.004984848,0.001476364,0.000640305,0.000142502,0.000493346,0.000137421,1.92E-05,1.70E-05,1.32E-05,1.25E-05,1.15E-05
327,0.030522773,0.093502864,0.027173497,0.16773714,0.040837597,0.49261847,0.095212646,0.032509517,0.012883178,0.004367291,0.001101068,0.000443023,8.81E-05,0.000816521,0.000150692,8.71E-06,8.66E-06,6.62E-06,6.14E-06,5.52E-06
328,0.008812513,0.30449083,0.09316975,0.4576566,0.020391563,0.09840821,0.012158163,0.003074611,0.001561674,0.000258371,1.23E-05,4.24E-06,3.89E-07,7.09E-07,5.07E-08,5.09E-09,4.28E-09,2.93E-09,2.52E-09,1.98E-09
329,0.03830768,0.17495209,0.0341699,0.43528333,0.12582526,0.119854346,0.051619396,0.015761638,0.003606607,0.000501911,8.97E-05,1.95E-05,1.55E-06,5.86E-06,1.10E-06,5.15E-08,4.11E-08,2.87E-08,2.55E-08,2.26E-08
330,0.040369123,0.07134254,0.041649893,0.44617957,0.18807173,0.10590539,0.07802912,0.024813186,0.00300706,0.000500987,0.000103133,1.83E-05,1.76E-06,6.60E-06,1.34E-06,5.74E-08,4.51E-08,3.73E-08,3.08E-08,2.65E-08
331,0.010245246,0.12645045,0.00192015,0.57073057,0.14203747,0.085652664,0.05294939,0.009244498,0.000741083,2.67E-05,1.62E-06,1.23E-07,1.15E-09,1.40E-08,1.27E-09,4.89E-12,3.22E-12,1.27E-12,1.41E-12,1.26E-12
332,0.03286816,0.11811501,0.025993532,0.4276372,0.060763486,0.23037864,0.07402783,0.024147771,0.004853328,0.000938026,0.000192022,4.71E-05,4.97E-06,2.70E-05,5.12E-06,2.30E-07,1.97E-07,1.40E-07,1.25E-07,1.10E-07
333,0.019953303,0.13240255,0.15646572,0.24376959,0.06576842,0.28975132,0.06023873,0.01933349,0.008513457,0.003006241,0.000356676,0.000184238,4.53E-05,0.000181111,2.01E-05,2.26E-06,2.31E-06,2.14E-06,1.71E-06,1.41E-06
334,0.06612154,0.22626267,0.00297449,0.48337647,0.14102198,0.04680796,0.025518779,0.007037359,0.00082548,4.64E-05,6.39E-06,4.24E-07,9.37E-09,2.72E-08,7.51E-09,1.06E-10,6.60E-11,2.82E-11,3.02E-11,2.98E-11
335,0.005534737,0.26031682,0.023461547,0.3911668,0.04090033,0.23587649,0.03228971,0.00676087,0.003336359,0.000335557,1.46E-05,4.37E-06,1.73E-07,1.39E-06,7.39E-08,1.68E-09,1.45E-09,8.20E-10,7.88E-10,6.39E-10
336,0.12225566,0.10529831,0.17370167,0.16922247,0.2471559,0.10351235,0.048599526,0.019800382,0.007013554,0.002361386,0.000689353,0.000191756,5.37E-05,9.47E-05,2.86E-05,4.87E-06,4.29E-06,4.69E-06,3.54E-06,3.16E-06
337,0.07534322,0.05316511,0.19079922,0.19407739,0.27318826,0.11354786,0.0654188,0.025754685,0.00582034,0.002222176,0.000436886,0.000113595,3.09E-05,6.01E-05,1.36E-05,1.80E-06,1.63E-06,1.88E-06,1.35E-06,1.16E-06
338,0.10352058,0.1358433,0.18353687,0.17170784,0.14845583,0.15710048,0.055662483,0.024117693,0.011867461,0.004924101,0.001604264,0.00065138,0.000237333,0.000483826,0.000146041,3.19E-05,2.97E-05,3.19E-05,2.48E-05,2.23E-05
339,0.057551343,0.67342,0.000572015,0.21759365,0.03159723,0.016019128,0.002360989,0.00070101,0.000178964,5.37E-06,2.19E-07,9.70E-09,8.71E-11,7.70E-11,2.03E-11,2.80E-13,1.48E-13,3.72E-14,4.94E-14,4.94E-14
340,0.000160516,0.26354456,3.13E-05,0.7361979,4.19E-05,2.26E-05,1.12E-06,1.03E-07,2.58E-09,1.14E-11,4.09E-15,2.01E-17,7.37E-21,2.25E-22,4.30E-24,1.88E-26,5.15E-27,4.81E-28,6.34E-28,4.66E-28
341,0.010701094,0.47699305,0.010242559,0.284416,0.02874589,0.16695157,0.015376836,0.003737996,0.002600578,0.000222545,9.30E-06,2.17E-06,7.23E-08,3.26E-07,2.62E-08,6.88E-10,5.12E-10,2.40E-10,2.62E-10,2.21E-10
342,0.026038554,0.10804928,0.16777237,0.3266636,0.045986395,0.24606961,0.05223327,0.018459056,0.005835046,0.002224272,0.0003328,0.00014913,4.14E-05,0.000118303,1.69E-05,2.32E-06,2.31E-06,2.22E-06,1.70E-06,1.40E-06
343,0.069930516,0.2651602,0.06179122,0.32363465,0.054951966,0.16423286,0.036274787,0.014198978,0.007134695,0.001933621,0.000475185,0.000159311,2.99E-05,6.56E-05,1.77E-05,2.47E-06,2.06E-06,1.60E-06,1.42E-06,1.28E-06
344,0.016638713,0.109969415,0.21734093,0.4776883,0.014961425,0.13864343,0.01736141,0.005490734,0.001382913,0.000454609,4.24E-05,1.54E-05,3.67E-06,5.64E-06,5.96E-07,1.01E-07,9.20E-08,9.00E-08,6.45E-08,4.97E-08
345,0.013802241,0.02549374,0.01661152,0.8132786,0.055074558,0.03911896,0.028982582,0.007377066,0.000233967,2.49E-05,1.73E-06,1.27E-07,5.88E-09,1.24E-08,1.51E-09,3.50E-11,2.34E-11,1.69E-11,1.28E-11,1.04E-11
346,0.06799875,0.25623342,0.14353688,0.2039622,0.104194164,0.14651385,0.043252207,0.016285943,0.011971775,0.00383448,0.001086805,0.000524874,0.000140364,0.000315171,8.03E-05,1.68E-05,1.52E-05,1.41E-05,1.20E-05,1.07E-05
347,0.06778304,0.18474533,0.14153759,0.15341537,0.08248709,0.25048763,0.06126968,0.024579376,0.018524816,0.008379817,0.002483677,0.00139554,0.000545334,0.00158985,0.000394042,8.64E-05,8.37E-05,8.21E-05,6.84E-05,6.12E-05
348,0.06999022,0.16493267,0.13742451,0.25314993,0.1163208,0.16726837,0.05394737,0.021641536,0.010137766,0.003302401,0.000994292,0.000399873,0.000106584,0.000266691,6.97E-05,1.14E-05,1.04E-05,1.01E-05,8.16E-06,7.25E-06
349,0.000436425,0.34040594,4.47E-05,0.6567283,0.001173363,0.001121715,7.87E-05,1.00E-05,7.21E-07,4.11E-09,5.82E-12,7.62E-14,4.87E-17,2.86E-17,8.16E-19,1.32E-21,5.46E-22,7.34E-23,9.89E-23,8.04E-23
350,0.001101055,0.26641423,7.27E-05,0.7163238,0.004769256,0.010323077,0.00088151,0.000107616,6.72E-06,5.04E-08,1.59E-10,2.85E-12,2.42E-15,7.27E-15,2.20E-16,2.01E-19,1.00E-19,1.61E-20,2.15E-20,1.79E-20
351,0.04242813,0.23204738,0.08745865,0.28324547,0.07155348,0.2083209,0.04645904,0.016134366,0.009112902,0.00241272,0.000466342,0.000188647,3.44E-05,0.000108345,2.02E-05,2.37E-06,2.11E-06,1.75E-06,1.51E-06,1.32E-06
352,0.029623749,0.17994656,0.11975468,0.17547843,0.09939685,0.28827894,0.06537453,0.021481007,0.014232989,0.004690474,0.000739764,0.000388981,9.45E-05,0.000430923,5.90E-05,6.69E-06,6.63E-06,5.95E-06,5.05E-06,4.35E-06
353,0.03024349,0.29820952,0.048164666,0.34977695,0.023867486,0.20778182,0.026230292,0.008953162,0.005211415,0.001296967,0.000168794,5.93E-05,8.61E-06,2.25E-05,3.64E-06,3.93E-07,3.29E-07,2.29E-07,2.12E-07,1.80E-07
354,0.06590917,0.25379366,0.08165475,0.24232924,0.037003063,0.23922846,0.04230843,0.01732952,0.012508328,0.004866056,0.001445037,0.000688961,0.000199026,0.000491962,0.000137286,2.75E-05,2.44E-05,2.05E-05,1.83E-05,1.64E-05
355,0.1006814,0.2741137,0.08362972,0.24686505,0.092689216,0.13456665,0.038822282,0.01554346,0.009142604,0.002571396,0.000818576,0.000297454,6.49E-05,0.000125429,4.12E-05,7.27E-06,6.06E-06,5.06E-06,4.42E-06,4.11E-06
356,0.039521076,0.42377266,0.058276385,0.36929613,0.030702237,0.06042755,0.011672212,0.003812492,0.002061546,0.000396082,4.57E-05,1.26E-05,1.45E-06,1.46E-06,2.81E-07,4.30E-08,3.18E-08,2.06E-08,1.90E-08,1.69E-08
357,0.019784827,0.20690438,0.05820338,0.4052294,0.038032614,0.21878998,0.0370492,0.010851484,0.004188366,0.000835463,8.62E-05,2.83E-05,3.12E-06,1.17E-05,1.35E-06,9.43E-08,8.23E-08,6.03E-08,5.26E-08,4.37E-08
358,0.059244685,0.15262172,0.07892336,0.32317513,0.1519495,0.14391972,0.061003156,0.021173239,0.006160089,0.001344485,0.000324495,9.14E-05,1.38E-05,4.25E-05,9.59E-06,8.24E-07,7.00E-07,5.93E-07,5.00E-07,4.43E-07
359,0.0720384,0.15154229,0.18276027,0.17306785,0.13656484,0.17756063,0.058965348,0.024613712,0.013551758,0.005563275,0.00164641,0.000789965,0.000281889,0.000706273,0.000180394,3.71E-05,3.60E-05,3.73E-05,2.98E-05,2.65E-05
360,0.09745156,0.12395541,0.12720154,0.20471,0.16617392,0.16586766,0.06738876,0.028622633,0.011588793,0.004128938,0.001536829,0.000555219,0.000164496,0.00042842,0.000135184,2.12E-05,1.94E-05,1.98E-05,1.59E-05,1.43E-05
361,0.13297647,0.13495386,0.07259509,0.2194972,0.22213842,0.12272,0.06153914,0.023533806,0.007236114,0.001803235,0.000691869,0.000165136,3.13E-05,7.89E-05,2.82E-05,3.00E-06,2.49E-06,2.20E-06,1.87E-06,1.73E-06
362,0.002312815,0.2169747,0.43343464,0.20788585,0.040283814,0.08659336,0.010089026,0.00173563,0.000590072,9.86E-05,1.01E-06,4.10E-07,3.15E-08,7.85E-08,1.39E-09,1.06E-10,1.01E-10,7.96E-11,6.50E-11,4.48E-11
363,0.02690838,0.15523258,0.27196848,0.11963561,0.10894292,0.23973563,0.05043116,0.01586614,0.007679605,0.003028515,0.000258852,0.000131505,3.61E-05,0.000125796,1.13E-05,1.67E-06,1.66E-06,1.62E-06,1.33E-06,1.10E-06
364,0.17573865,0.13252726,0.0450134,0.31714806,0.14537801,0.10342781,0.051970933,0.021980096,0.004901626,0.001215412,0.000527295,9.75E-05,1.82E-05,3.36E-05,1.60E-05,1.77E-06,1.38E-06,1.17E-06,9.68E-07,9.34E-07
365,0.104250595,0.2885317,0.056181736,0.23939118,0.07782862,0.1592511,0.04089837,0.017346788,0.011223557,0.003194897,0.001112529,0.000405269,8.70E-05,0.000187941,6.86E-05,1.10E-05,9.20E-06,7.20E-06,6.58E-06,6.22E-06
366,0.007752942,0.1750842,0.00652291,0.5344304,0.05595965,0.16961426,0.04129455,0.007878418,0.001371398,8.66E-05,4.07E-06,5.81E-07,1.10E-08,1.10E-07,7.45E-09,6.67E-11,5.08E-11,2.38E-11,2.45E-11,2.07E-11
367,0.04842761,0.09770435,0.2602587,0.21331732,0.120365344,0.17598665,0.051483653,0.020816443,0.007390423,0.003231938,0.00052822,0.000218994,7.02E-05,0.000150943,2.71E-05,4.89E-06,4.73E-06,5.26E-06,3.88E-06,3.27E-06
368,0.11750257,0.056007266,0.26586318,0.13716617,0.12862921,0.19298013,0.059693523,0.025958708,0.008525636,0.005604571,0.001117291,0.000362055,0.000174806,0.000265804,7.13E-05,1.69E-05,1.58E-05,1.98E-05,1.36E-05,1.18E-05
369,0.11129747,0.2025077,0.12751953,0.19300933,0.16396941,0.12068342,0.04617637,0.018961882,0.010467271,0.003152274,0.001239752,0.000470643,0.000122325,0.000263173,9.03E-05,1.69E-05,1.50E-05,1.43E-05,1.20E-05,1.10E-05
370,0.057479724,0.20110959,0.26144704,0.17404005,0.09692876,0.13964246,0.03982659,0.015194817,0.008990616,0.003663201,0.000774077,0.00040176,0.000135768,0.000253206,5.21E-05,1.37E-05,1.32E-05,1.32E-05,1.08E-05,9.33E-06
371,0.027456116,0.23303868,0.3326721,0.13039494,0.100639395,0.13065772,0.029648237,0.00878155,0.004934987,0.00153387,0.000128638,6.24E-05,1.42E-05,3.17E-05,2.99E-06,5.62E-07,5.37E-07,5.09E-07,4.21E-07,3.47E-07
372,3.08E-06,0.009380852,0.9782365,0.012356426,1.87E-05,4.12E-06,2.18E-07,5.59E-09,5.33E-11,2.64E-12,4.94E-17,3.75E-18,1.39E-20,1.85E-22,6.22E-26,7.89E-27,3.17E-27,1.87E-27,1.09E-27,5.36E-28
373,0.07669764,0.105324395,0.17971046,0.17766912,0.11406138,0.21995394,0.06946532,0.031036125,0.014050421,0.007009595,0.002103431,0.000966673,0.000406979,0.001008564,0.000273476,5.71E-05,5.58E-05,6.11E-05,4.69E-05,4.17E-05
374,0.07012146,0.06438402,0.22697118,0.22255135,0.10866976,0.2009767,0.06481436,0.028148307,0.00778801,0.004052942,0.000822116,0.000285897,0.000110861,0.000214075,4.91E-05,8.86E-06,8.37E-06,9.78E-06,6.91E-06,5.97E-06
375,0.09780914,0.22904328,0.14242013,0.24357297,0.13439006,0.092036754,0.0353664,0.014356094,0.007563788,0.002155303,0.000751705,0.000282278,6.89E-05,0.000114371,3.76E-05,7.92E-06,6.80E-06,6.41E-06,5.29E-06,4.78E-06
376,0.12609206,0.100938536,0.13295634,0.22817138,0.23964088,0.09346902,0.04960169,0.02058712,0.005925378,0.001762966,0.000586012,0.000142468,3.41E-05,6.02E-05,2.02E-05,2.90E-06,2.44E-06,2.57E-06,1.96E-06,1.76E-06
377,0.08482533,0.046720512,0.2676416,0.11038352,0.34751934,0.08290782,0.041457515,0.014034597,0.003137058,0.001203786,0.000125315,2.59E-05,6.46E-06,8.76E-06,1.51E-06,2.21E-07,1.98E-07,2.32E-07,1.61E-07,1.36E-07
378,0.043288454,0.15085852,0.24244902,0.157303,0.08928041,0.22675115,0.053026713,0.019692833,0.010555526,0.004839798,0.000808723,0.000435953,0.000154418,0.000425318,6.79E-05,1.36E-05,1.37E-05,1.41E-05,1.12E-05,9.54E-06
379,0.01910432,0.098957285,0.5676725,0.18968399,0.098268494,0.018450784,0.005890412,0.00158318,0.000313208,7.25E-05,2.67E-06,5.61E-07,7.47E-08,4.23E-08,3.06E-09,5.88E-10,4.69E-10,4.83E-10,3.38E-10,2.62E-10
380,0.008484997,0.09069169,0.121329844,0.122296445,0.044177547,0.50612867,0.07071987,0.01935558,0.010933051,0.004784929,0.000336968,0.000214605,5.66E-05,0.00045073,2.83E-05,2.22E-06,2.44E-06,2.29E-06,1.87E-06,1.47E-06
381,0.000167451,0.007791448,0.002284145,0.5825077,0.01575522,0.23826668,0.13512045,0.017696483,0.000382095,2.77E-05,4.64E-07,8.05E-08,1.08E-09,6.76E-08,1.01E-09,1.81E-12,1.63E-12,7.74E-13,7.61E-13,5.27E-13
382,0.028350344,0.002731204,0.13853095,0.26362777,0.1736582,0.16596246,0.1687637,0.055689696,0.001580291,0.001021547,6.92E-05,7.55E-06,2.04E-06,4.36E-06,5.76E-07,2.54E-08,2.25E-08,3.19E-08,1.81E-08,1.40E-08
383,0.060504552,0.07529138,0.24056819,0.227782,0.089932665,0.20878214,0.058235377,0.025293438,0.007834199,0.004158485,0.000819112,0.000320236,0.000125995,0.000250613,5.42E-05,1.05E-05,1.00E-05,1.16E-05,8.29E-06,7.07E-06
384,0.0674073,0.112516,0.2143568,0.20441237,0.20253763,0.11796422,0.04952154,0.020125877,0.007501345,0.002627759,0.000589294,0.000212695,5.95E-05,0.000120768,2.70E-05,4.57E-06,4.26E-06,4.56E-06,3.47E-06,3.03E-06
385,0.097175814,0.13735688,0.25015217,0.08905773,0.16194622,0.17607641,0.05220823,0.019692387,0.010125015,0.004475948,0.000847195,0.000350863,0.000134624,0.00027829,5.84E-05,1.42E-05,1.35E-05,1.45E-05,1.14E-05,1.02E-05
386,0.10060302,0.17480385,0.15835339,0.16318491,0.22434407,0.107235484,0.043528255,0.01672701,0.007892705,0.002237159,0.00065348,0.000218884,5.26E-05,0.000113811,3.07E-05,5.01E-06,4.45E-06,4.42E-06,3.57E-06,3.22E-06
387,0.07152516,0.24876666,0.20928472,0.18652387,0.08503524,0.1264183,0.038506657,0.015028153,0.011337597,0.004512466,0.001341176,0.000741054,0.000264287,0.000437458,0.00011928,3.71E-05,3.45E-05,3.35E-05,2.80E-05,2.48E-05
388,0.103008926,0.11528299,0.121937834,0.23794153,0.25082585,0.093774244,0.04971584,0.019499378,0.005812512,0.001514328,0.000471034,0.000118679,2.41E-05,5.03E-05,1.51E-05,1.84E-06,1.56E-06,1.57E-06,1.23E-06,1.10E-06
389,9.38E-07,0.001035769,0.007464613,0.5444652,0.001451808,0.3788492,0.06317744,0.003525228,2.77E-05,2.21E-06,1.31E-09,4.01E-10,3.58E-12,5.81E-10,3.78E-13,2.05E-16,2.70E-16,1.44E-16,1.10E-16,5.24E-17
390,0.004396923,0.013968042,0.02971898,0.17024991,0.03456504,0.46746385,0.20975345,0.05920609,0.006503206,0.002910161,0.000372886,0.000166484,3.65E-05,0.000629621,5.17E-05,1.57E-06,1.73E-06,1.55E-06,1.28E-06,1.04E-06
391,0.022620995,0.005402373,0.16774349,0.1602492,0.07111662,0.37653223,0.14029093,0.049492467,0.003274221,0.002953111,0.000199269,4.22E-05,1.69E-05,5.76E-05,6.35E-06,4.02E-07,3.98E-07,5.70E-07,3.36E-07,2.59E-07
392,0.08882686,0.029010534,0.09191831,0.21954018,0.09301204,0.2486229,0.13759054,0.06750031,0.010993959,0.006810075,0.002954812,0.000850129,0.000430114,0.001207379,0.000451792,6.16E-05,5.73E-05,6.77E-05,4.85E-05,4.50E-05
393,0.100844726,0.1152109,0.19367853,0.16143662,0.07025421,0.22934583,0.062241115,0.029790655,0.015858801,0.009953525,0.003896822,0.00203631,0.001158843,0.002348195,0.000803457,0.000244721,0.00023863,0.00026772,0.000205381,0.000185095
394,0.05154074,0.10295059,0.22266476,0.08104472,0.19586709,0.24046889,0.06714458,0.02298748,0.010132485,0.004157845,0.000501068,0.000204419,6.39E-05,0.000222645,2.92E-05,4.26E-06,4.22E-06,4.52E-06,3.55E-06,3.04E-06
395,0.040353294,0.16777252,0.28836638,0.18882492,0.108902685,0.14333577,0.038829755,0.013970003,0.006537186,0.002422201,0.000349585,0.000165392,4.63E-05,9.66E-05,1.46E-05,2.93E-06,2.85E-06,2.88E-06,2.28E-06,1.91E-06
396,0.0879788,0.13941385,0.3681253,0.16551302,0.103662536,0.08863762,0.028479656,0.011137309,0.004392979,0.002015767,0.000371612,0.000138868,5.09E-05,5.28E-05,1.20E-05,3.99E-06,3.51E-06,3.89E-06,2.92E-06,2.57E-06
397,0.000205,0.032032628,0.8779355,0.0062096,0.07970039,0.00327695,0.000589904,4.65E-05,3.33E-06,2.60E-07,6.85E-11,8.96E-12,1.86E-13,2.13E-13,3.17E-16,1.19E-17,9.65E-18,7.67E-18,5.69E-18,3.52E-18
398,0.015274413,0.071040414,0.5360548,0.1852399,0.09620771,0.07274432,0.017367464,0.004898024,0.000869028,0.000291582,8.89E-06,2.45E-06,4.30E-07,5.50E-07,3.12E-08,4.22E-09,3.75E-09,4.08E-09,2.86E-09,2.16E-09
399,0.016199533,0.04443187,0.4533027,0.23200446,0.10709644,0.11107994,0.0263843,0.007886405,0.001161522,0.000433327,1.41E-05,3.61E-06,6.64E-07,1.06E-06,6.52E-08,6.79E-09,6.18E-09,7.24E-09,4.74E-09,3.55E-09
400,0.014907822,0.06404195,0.020682272,0.2932917,0.09790773,0.31827155,0.14481592,0.038400635,0.006238855,0.001165683,0.000170729,4.65E-05,3.96E-06,4.86E-05,5.67E-06,1.33E-07,1.21E-07,8.41E-08,7.89E-08,6.75E-08
401,0.06377146,0.061094556,0.0197653,0.22497842,0.22355098,0.21251868,0.14139354,0.044427942,0.006721888,0.001244523,0.000391222,6.93E-05,6.94E-06,5.05E-05,1.33E-05,4.22E-07,3.52E-07,2.68E-07,2.45E-07,2.23E-07
402,0.025428215,0.04109928,0.08114985,0.14686549,0.06175169,0.43127987,0.1363487,0.050568547,0.013381109,0.007239677,0.001583694,0.000748003,0.000277914,0.001846949,0.000302062,2.71E-05,2.88E-05,2.96E-05,2.34E-05,2.01E-05
403,0.053017616,0.22187333,0.20276557,0.17804211,0.11527416,0.15175961,0.044746894,0.01621271,0.010781306,0.003799836,0.00080608,0.000413859,0.000123027,0.000278984,5.48E-05,1.16E-05,1.12E-05,1.07E-05,8.86E-06,7.76E-06
404,0.076327555,0.18919374,0.17436387,0.22937262,0.11787822,0.13478193,0.044717196,0.018248703,0.009725566,0.003362701,0.001031364,0.000453562,0.000135082,0.00026886,7.33E-05,1.57E-05,1.43E-05,1.41E-05,1.14E-05,1.01E-05
405,0.048278026,0.13266233,0.3536712,0.07580269,0.1443908,0.18161978,0.042351253,0.013202833,0.005468687,0.002220627,0.000179305,7.17E-05,2.13E-05,5.00E-05,5.16E-06,9.68E-07,9.25E-07,9.81E-07,7.64E-07,6.46E-07
406,0.029427556,0.10767087,0.200414,0.2492808,0.10778318,0.21075787,0.06147077,0.022061609,0.007546714,0.002785815,0.00039701,0.000181375,4.67E-05,0.000144246,2.00E-05,2.62E-06,2.58E-06,2.59E-06,2.00E-06,1.66E-06
407,0.03329796,0.14105509,0.127943,0.08968107,0.06441395,0.41200843,0.07032976,0.024044778,0.020713035,0.010504982,0.00171819,0.001088183,0.000444618,0.002236404,0.000300878,4.74E-05,4.91E-05,4.82E-05,4.03E-05,3.47E-05
408,0.07186986,0.07647826,0.21581109,0.21094564,0.12619944,0.18956143,0.06548938,0.028568674,0.008852165,0.004368694,0.000962611,0.000358737,0.00013644,0.00027737,6.53E-05,1.22E-05,1.16E-05,1.31E-05,9.60E-06,8.38E-06
409,0.10290353,0.052173737,0.25983584,0.17582193,0.1404538,0.17144999,0.059184194,0.02574456,0.006964714,0.004144998,0.000778233,0.00023043,9.88E-05,0.00014413,3.68E-05,7.63E-06,7.03E-06,8.66E-06,5.94E-06,5.10E-06
410,0.026172902,0.12490347,0.48741776,0.16244327,0.055269655,0.11208917,0.021714171,0.006681929,0.002251088,0.000947879,6.40E-05,2.62E-05,7.00E-06,9.73E-06,9.26E-07,2.12E-07,1.96E-07,2.13E-07,1.57E-07,1.25E-07
411,0.05597725,0.08358164,0.12846152,0.30997065,0.23710233,0.10038601,0.0580715,0.020683695,0.004376524,0.001072809,0.000223607,5.43E-05,9.27E-06,2.27E-05,4.63E-06,4.19E-07,3.57E-07,3.60E-07,2.74E-07,2.34E-07
412,0.13135155,0.060418136,0.2758382,0.20602976,0.19340952,0.076140046,0.03489091,0.015464881,0.004054709,0.001841692,0.000389307,9.22E-05,3.26E-05,2.86E-05,8.85E-06,2.12E-06,1.84E-06,2.25E-06,1.51E-06,1.32E-06
413,0.06281872,0.20613378,0.14897211,0.2581371,0.08945587,0.15862513,0.044365216,0.017295834,0.009459564,0.003138185,0.000825671,0.000364456,9.95E-05,0.000216052,5.22E-05,1.00E-05,9.05E-06,8.44E-06,6.94E-06,6.15E-06
414,0.05869442,0.10279402,0.090088405,0.111734144,0.06063518,0.3993124,0.086790435,0.036589783,0.02350798,0.01334258,0.004499601,0.00256295,0.001206925,0.005718012,0.001419685,0.000236048,0.0002427,0.000242591,0.000200467,0.000181632
415,0.04899275,0.085462235,0.14561349,0.32228836,0.21707943,0.09964462,0.055458732,0.019785397,0.004283294,0.001085934,0.000211632,5.51E-05,9.83E-06,2.31E-05,4.39E-06,4.28E-07,3.70E-07,3.73E-07,2.83E-07,2.40E-07
416,0.022909934,0.14983587,0.261808,0.21607634,0.08163921,0.20244849,0.04278437,0.01409739,0.005841058,0.002132535,0.000207988,0.000104946,2.63E-05,7.48E-05,7.77E-06,1.15E-06,1.14E-06,1.10E-06,8.75E-07,7.12E-07
417,0.027266622,0.25306815,0.71660435,0.002661036,0.000170258,0.000197724,2.95E-05,1.96E-06,2.86E-07,5.64E-08,3.44E-10,1.12E-10,8.09E-12,1.16E-13,5.10E-15,1.06E-14,4.12E-15,2.57E-15,2.16E-15,1.70E-15
418,0.0684007,0.1286807,0.30814895,0.22498065,0.11292892,0.10400122,0.032358933,0.012940025,0.004966837,0.001981489,0.000358514,0.000132917,4.20E-05,5.43E-05,1.16E-05,2.88E-06,2.63E-06,2.87E-06,2.12E-06,1.82E-06
419,0.052467443,0.080716796,0.51630366,0.10939297,0.09064973,0.11227076,0.025921129,0.008288012,0.002547176,0.001303067,8.90E-05,2.83E-05,9.21E-06,1.03E-05,1.21E-06,2.97E-07,2.68E-07,3.27E-07,2.24E-07,1.82E-07
420,0.043428127,0.21681154,0.44442767,0.08252417,0.05636572,0.1212695,0.02317836,0.006755802,0.003603641,0.001411621,0.000117899,5.84E-05,1.71E-05,2.45E-05,2.64E-06,8.02E-07,7.21E-07,7.40E-07,5.96E-07,4.95E-07
421,0.024207642,0.05390556,0.7564272,0.050090246,0.06333937,0.04145976,0.008223438,0.001834556,0.000366066,0.000142964,2.47E-06,5.42E-07,1.08E-07,6.77E-08,3.44E-09,7.61E-10,6.27E-10,7.56E-10,4.92E-10,3.76E-10
422,0.048617743,0.103598274,0.39935803,0.101767905,0.20144741,0.09900008,0.031652097,0.010045391,0.003203122,0.001172944,8.92E-05,2.78E-05,6.86E-06,1.10E-05,1.24E-06,2.22E-07,2.06E-07,2.24E-07,1.68E-07,1.40E-07
423,0.0522273,0.093418,0.32395896,0.18136673,0.1921612,0.100935996,0.03660924,0.013496758,0.004054862,0.001495545,0.000175911,5.61E-05,1.44E-05,2.30E-05,3.51E-06,5.95E-07,5.47E-07,6.03E-07,4.41E-07,3.69E-07
424,0.1152099,0.09752609,0.24036986,0.17350046,0.12715146,0.15023793,0.05250696,0.02438904,0.010235734,0.005522843,0.001644526,0.000645123,0.000295112,0.000442316,0.000142533,3.98E-05,3.72E-05,4.31E-05,3.16E-05,2.84E-05
425,0.102014996,0.12990026,0.16796619,0.13992028,0.20989454,0.15114976,0.05851554,0.02359988,0.010893654,0.003953406,0.001170668,0.000421728,0.000130378,0.000317115,8.62E-05,1.50E-05,1.38E-05,1.46E-05,1.15E-05,1.04E-05
426,0.12978545,0.14057337,0.10891933,0.17733453,0.23764707,0.11974726,0.05323672,0.02096965,0.00823486,0.002258704,0.000826834,0.000228704,5.14E-05,0.000123125,4.11E-05,5.45E-06,4.71E-06,4.60E-06,3.74E-06,3.43E-06
427,0.120099135,0.117567055,0.14237323,0.19456749,0.25485936,0.09544276,0.047030307,0.018896496,0.006433257,0.001851335,0.000585933,0.000153796,3.63E-05,6.91E-05,2.16E-05,3.16E-06,2.72E-06,2.84E-06,2.19E-06,1.97E-06