"cellID","cellType","sampleInfo"
"Cell1","Acinar_cells","sample1"
"Cell2","Ductal_terminal_ductal_like","sample1"
"Cell3","Ductal_terminal_ductal_like","sample1"
"Cell4","Ductal_CRISP3_high-centroacinar_like","sample1"
"Cell5","Cancer_clone_A","sample1"
"Cell6","Cancer_clone_A","sample1"
"Cell7","Ductal_CRISP3_high-centroacinar_like","sample1"
"Cell8","Ductal_terminal_ductal_like","sample1"
"Cell9","Ductal_MHC_Class_II","sample1"
"Cell10","Ductal_terminal_ductal_like","sample1"
"Cell11","Ductal_terminal_ductal_like","sample1"
"Cell12","Cancer_clone_B","sample1"
"Cell13","Ductal_CRISP3_high-centroacinar_like","sample1"
"Cell14","Ductal_CRISP3_high-centroacinar_like","sample1"
"Cell15","Ductal_terminal_ductal_like","sample1"
"Cell16","Ductal_terminal_ductal_like","sample1"
"Cell17","Ductal_CRISP3_high-centroacinar_like","sample1"
"Cell18","Ductal_CRISP3_high-centroacinar_like","sample1"
"Cell19","Cancer_clone_A","sample1"
"Cell20","Ductal_MHC_Class_II","sample1"
"Cell21","Cancer_clone_B","sample1"
"Cell22","Ductal_terminal_ductal_like","sample1"
"Cell23","Ductal_CRISP3_high-centroacinar_like","sample1"
"Cell24","Ductal_MHC_Class_II","sample1"
"Cell25","Ductal_terminal_ductal_like","sample1"
"Cell26","Cancer_clone_B","sample1"
"Cell27","Ductal_CRISP3_high-centroacinar_like","sample1"
"Cell28","mDCs_A","sample1"
"Cell29","Ductal_APOL1_high-hypoxic","sample1"
"Cell30","Ductal_APOL1_high-hypoxic","sample1"
"Cell31","Cancer_clone_B","sample1"
"Cell32","Ductal_terminal_ductal_like","sample1"
"Cell33","Ductal_CRISP3_high-centroacinar_like","sample1"
"Cell34","Cancer_clone_B","sample1"
"Cell35","Ductal_terminal_ductal_like","sample1"
"Cell36","Ductal_APOL1_high-hypoxic","sample1"
"Cell37","Cancer_clone_B","sample1"
"Cell38","Ductal_CRISP3_high-centroacinar_like","sample1"
"Cell39","Cancer_clone_A","sample1"
"Cell40","Cancer_clone_A","sample1"
"Cell41","Cancer_clone_B","sample1"
"Cell42","Ductal_CRISP3_high-centroacinar_like","sample1"
"Cell43","mDCs_A","sample1"
"Cell44","Tuft_cells","sample1"
"Cell45","mDCs_B","sample1"
"Cell46","Ductal_CRISP3_high-centroacinar_like","sample1"
"Cell47","Ductal_APOL1_high-hypoxic","sample1"
"Cell48","Ductal_MHC_Class_II","sample1"
"Cell49","Ductal_CRISP3_high-centroacinar_like","sample1"
"Cell50","Ductal_terminal_ductal_like","sample1"
"Cell51","Cancer_clone_A","sample1"
"Cell52","Ductal_CRISP3_high-centroacinar_like","sample1"
"Cell53","Ductal_CRISP3_high-centroacinar_like","sample1"
"Cell54","Ductal_terminal_ductal_like","sample1"
"Cell55","Cancer_clone_A","sample1"
"Cell56","Ductal_APOL1_high-hypoxic","sample1"
"Cell57","Ductal_APOL1_high-hypoxic","sample1"
"Cell58","Ductal_MHC_Class_II","sample1"
"Cell59","Ductal_CRISP3_high-centroacinar_like","sample1"
"Cell60","Cancer_clone_B","sample1"
"Cell61","Ductal_CRISP3_high-centroacinar_like","sample1"
"Cell62","Ductal_MHC_Class_II","sample1"
"Cell63","Ductal_terminal_ductal_like","sample1"
"Cell64","Ductal_terminal_ductal_like","sample1"
"Cell65","Ductal_CRISP3_high-centroacinar_like","sample1"
"Cell66","Cancer_clone_A","sample1"
"Cell67","Ductal_terminal_ductal_like","sample1"
"Cell68","Ductal_APOL1_high-hypoxic","sample1"
"Cell69","Ductal_MHC_Class_II","sample1"
"Cell70","Cancer_clone_A","sample1"
"Cell71","Ductal_MHC_Class_II","sample1"
"Cell72","Ductal_CRISP3_high-centroacinar_like","sample1"
"Cell73","Ductal_CRISP3_high-centroacinar_like","sample1"
"Cell74","Ductal_APOL1_high-hypoxic","sample1"
"Cell75","Ductal_CRISP3_high-centroacinar_like","sample1"
"Cell76","Ductal_CRISP3_high-centroacinar_like","sample1"
"Cell77","Ductal_CRISP3_high-centroacinar_like","sample1"
"Cell78","Cancer_clone_B","sample1"
"Cell79","Cancer_clone_B","sample1"
"Cell80","Ductal_MHC_Class_II","sample1"
"Cell81","Cancer_clone_A","sample1"
"Cell82","pDCs","sample1"
"Cell83","Ductal_CRISP3_high-centroacinar_like","sample1"
"Cell84","Ductal_CRISP3_high-centroacinar_like","sample1"
"Cell85","Cancer_clone_A","sample1"
"Cell86","Ductal_APOL1_high-hypoxic","sample1"
"Cell87","mDCs_B","sample1"
"Cell88","Ductal_APOL1_high-hypoxic","sample1"
"Cell89","Ductal_CRISP3_high-centroacinar_like","sample1"
"Cell90","Ductal_APOL1_high-hypoxic","sample1"
"Cell91","Ductal_MHC_Class_II","sample1"
"Cell92","Ductal_CRISP3_high-centroacinar_like","sample1"
"Cell93","Ductal_terminal_ductal_like","sample1"
"Cell94","Ductal_APOL1_high-hypoxic","sample1"
"Cell95","Ductal_CRISP3_high-centroacinar_like","sample1"
"Cell96","Endocrine_cells","sample1"
"Cell97","Endothelial_cells","sample1"
"Cell98","Ductal_terminal_ductal_like","sample1"
"Cell99","Ductal_terminal_ductal_like","sample1"
"Cell100","Ductal_MHC_Class_II","sample1"
"Cell101","Ductal_CRISP3_high-centroacinar_like","sample1"
"Cell102","mDCs_A","sample1"
"Cell103","Ductal_CRISP3_high-centroacinar_like","sample1"
"Cell104","Ductal_APOL1_high-hypoxic","sample1"
"Cell105","Ductal_terminal_ductal_like","sample1"
"Cell106","Cancer_clone_B","sample1"
"Cell107","Ductal_CRISP3_high-centroacinar_like","sample1"
"Cell108","Ductal_CRISP3_high-centroacinar_like","sample1"
"Cell109","Ductal_CRISP3_high-centroacinar_like","sample1"
"Cell110","Ductal_MHC_Class_II","sample1"
"Cell111","Ductal_MHC_Class_II","sample1"
"Cell112","Ductal_MHC_Class_II","sample1"
"Cell113","Ductal_CRISP3_high-centroacinar_like","sample1"
"Cell114","Ductal_CRISP3_high-centroacinar_like","sample1"
"Cell115","Ductal_CRISP3_high-centroacinar_like","sample1"
"Cell116","Ductal_MHC_Class_II","sample1"
"Cell117","Ductal_MHC_Class_II","sample1"
"Cell118","Ductal_CRISP3_high-centroacinar_like","sample1"
"Cell119","Ductal_APOL1_high-hypoxic","sample1"
"Cell120","Ductal_MHC_Class_II","sample1"
"Cell121","Ductal_MHC_Class_II","sample1"
"Cell122","Ductal_CRISP3_high-centroacinar_like","sample1"
"Cell123","Ductal_terminal_ductal_like","sample1"
"Cell124","Ductal_APOL1_high-hypoxic","sample1"
"Cell125","Ductal_APOL1_high-hypoxic","sample1"
"Cell126","Macrophages_A","sample1"
"Cell127","mDCs_B","sample1"
"Cell128","Cancer_clone_B","sample1"
"Cell129","Ductal_MHC_Class_II","sample1"
"Cell130","Ductal_CRISP3_high-centroacinar_like","sample1"
"Cell131","Ductal_MHC_Class_II","sample1"
"Cell132","Ductal_CRISP3_high-centroacinar_like","sample1"
"Cell133","Ductal_terminal_ductal_like","sample1"
"Cell134","Ductal_CRISP3_high-centroacinar_like","sample1"
"Cell135","Cancer_clone_A","sample1"
"Cell136","Ductal_terminal_ductal_like","sample1"
"Cell137","Ductal_CRISP3_high-centroacinar_like","sample1"
"Cell138","Mast_cells","sample1"
"Cell139","Ductal_CRISP3_high-centroacinar_like","sample1"
"Cell140","Ductal_CRISP3_high-centroacinar_like","sample1"
"Cell141","Ductal_CRISP3_high-centroacinar_like","sample1"
"Cell142","Ductal_terminal_ductal_like","sample1"
"Cell143","Ductal_terminal_ductal_like","sample1"
"Cell144","Ductal_APOL1_high-hypoxic","sample1"
"Cell145","Cancer_clone_A","sample1"
"Cell146","Ductal_CRISP3_high-centroacinar_like","sample1"
"Cell147","Ductal_CRISP3_high-centroacinar_like","sample1"
"Cell148","Ductal_CRISP3_high-centroacinar_like","sample1"
"Cell149","Ductal_CRISP3_high-centroacinar_like","sample1"
"Cell150","Ductal_terminal_ductal_like","sample1"
"Cell151","Cancer_clone_B","sample1"
"Cell152","Ductal_CRISP3_high-centroacinar_like","sample1"
"Cell153","Ductal_MHC_Class_II","sample1"
"Cell154","Mast_cells","sample1"
"Cell155","Ductal_MHC_Class_II","sample1"
"Cell156","Ductal_CRISP3_high-centroacinar_like","sample1"
"Cell157","Ductal_CRISP3_high-centroacinar_like","sample1"
"Cell158","Ductal_terminal_ductal_like","sample1"
"Cell159","Ductal_APOL1_high-hypoxic","sample1"
"Cell160","Ductal_MHC_Class_II","sample1"
"Cell161","Cancer_clone_B","sample1"
"Cell162","Ductal_terminal_ductal_like","sample1"
"Cell163","Ductal_terminal_ductal_like","sample1"
"Cell164","Cancer_clone_B","sample1"
"Cell165","Mast_cells","sample1"
"Cell166","Ductal_MHC_Class_II","sample1"
"Cell167","Ductal_terminal_ductal_like","sample1"
"Cell168","Cancer_clone_A","sample1"
"Cell169","Cancer_clone_B","sample1"
"Cell170","Ductal_MHC_Class_II","sample1"
"Cell171","Cancer_clone_B","sample1"
"Cell172","Ductal_CRISP3_high-centroacinar_like","sample1"
"Cell173","Cancer_clone_B","sample1"
"Cell174","mDCs_B","sample1"
"Cell175","Ductal_MHC_Class_II","sample1"
"Cell176","Ductal_CRISP3_high-centroacinar_like","sample1"
"Cell177","Ductal_terminal_ductal_like","sample1"
"Cell178","Ductal_MHC_Class_II","sample1"
"Cell179","Ductal_CRISP3_high-centroacinar_like","sample1"
"Cell180","Ductal_terminal_ductal_like","sample1"
"Cell181","Ductal_CRISP3_high-centroacinar_like","sample1"
"Cell182","Ductal_APOL1_high-hypoxic","sample1"
"Cell183","Ductal_CRISP3_high-centroacinar_like","sample1"
"Cell184","Ductal_MHC_Class_II","sample1"
"Cell185","Ductal_CRISP3_high-centroacinar_like","sample1"
"Cell186","Ductal_APOL1_high-hypoxic","sample1"
"Cell187","Ductal_CRISP3_high-centroacinar_like","sample1"
"Cell188","Cancer_clone_B","sample1"
"Cell189","Ductal_APOL1_high-hypoxic","sample1"
"Cell190","pDCs","sample1"
"Cell191","Ductal_CRISP3_high-centroacinar_like","sample1"
"Cell192","Cancer_clone_B","sample1"
"Cell193","Ductal_terminal_ductal_like","sample1"
"Cell194","Ductal_terminal_ductal_like","sample1"
"Cell195","Ductal_terminal_ductal_like","sample1"
"Cell196","Ductal_APOL1_high-hypoxic","sample1"
"Cell197","Cancer_clone_B","sample1"
"Cell198","Ductal_CRISP3_high-centroacinar_like","sample1"
"Cell199","Ductal_terminal_ductal_like","sample1"
"Cell200","Ductal_terminal_ductal_like","sample1"
"Cell201","Ductal_CRISP3_high-centroacinar_like","sample1"
"Cell202","Ductal_CRISP3_high-centroacinar_like","sample1"
"Cell203","Tuft_cells","sample1"
"Cell204","Ductal_terminal_ductal_like","sample1"
"Cell205","Ductal_MHC_Class_II","sample1"
"Cell206","Ductal_APOL1_high-hypoxic","sample1"
"Cell207","Ductal_CRISP3_high-centroacinar_like","sample1"
"Cell208","Cancer_clone_A","sample1"
"Cell209","Macrophages_B","sample1"
"Cell210","Ductal_terminal_ductal_like","sample1"
"Cell211","Ductal_APOL1_high-hypoxic","sample1"
"Cell212","Tuft_cells","sample1"
"Cell213","Ductal_MHC_Class_II","sample1"
"Cell214","Macrophages_B","sample1"
"Cell215","Ductal_terminal_ductal_like","sample1"
"Cell216","Ductal_APOL1_high-hypoxic","sample1"
"Cell217","Ductal_terminal_ductal_like","sample1"
"Cell218","Ductal_CRISP3_high-centroacinar_like","sample1"
"Cell219","Ductal_CRISP3_high-centroacinar_like","sample1"
"Cell220","Ductal_CRISP3_high-centroacinar_like","sample1"
"Cell221","Cancer_clone_A","sample1"
"Cell222","Ductal_CRISP3_high-centroacinar_like","sample1"
"Cell223","Macrophages_B","sample1"
"Cell224","Cancer_clone_A","sample1"
"Cell225","Ductal_APOL1_high-hypoxic","sample1"
"Cell226","Ductal_APOL1_high-hypoxic","sample1"
"Cell227","Ductal_CRISP3_high-centroacinar_like","sample1"
"Cell228","T_cells_&_NK_cells","sample1"
"Cell229","Ductal_CRISP3_high-centroacinar_like","sample1"
"Cell230","Ductal_APOL1_high-hypoxic","sample1"
"Cell231","Ductal_CRISP3_high-centroacinar_like","sample1"
"Cell232","Ductal_MHC_Class_II","sample1"
"Cell233","Ductal_CRISP3_high-centroacinar_like","sample1"
"Cell234","Cancer_clone_B","sample1"
"Cell235","Ductal_APOL1_high-hypoxic","sample1"
"Cell236","Ductal_MHC_Class_II","sample1"
"Cell237","Ductal_CRISP3_high-centroacinar_like","sample1"
"Cell238","Ductal_MHC_Class_II","sample1"
"Cell239","Ductal_CRISP3_high-centroacinar_like","sample1"
"Cell240","Ductal_APOL1_high-hypoxic","sample1"
"Cell241","Ductal_CRISP3_high-centroacinar_like","sample1"
"Cell242","Ductal_terminal_ductal_like","sample1"
"Cell243","Ductal_APOL1_high-hypoxic","sample1"
"Cell244","Ductal_CRISP3_high-centroacinar_like","sample1"
"Cell245","Ductal_APOL1_high-hypoxic","sample1"
"Cell246","Ductal_CRISP3_high-centroacinar_like","sample1"
"Cell247","Cancer_clone_A","sample1"
"Cell248","Cancer_clone_B","sample1"
"Cell249","Ductal_CRISP3_high-centroacinar_like","sample1"
"Cell250","Ductal_CRISP3_high-centroacinar_like","sample1"
"Cell251","Ductal_CRISP3_high-centroacinar_like","sample1"
"Cell252","Tuft_cells","sample1"
"Cell253","Ductal_APOL1_high-hypoxic","sample1"
"Cell254","Ductal_MHC_Class_II","sample1"
"Cell255","pDCs","sample1"
"Cell256","Ductal_MHC_Class_II","sample1"
"Cell257","Cancer_clone_B","sample1"
"Cell258","Ductal_terminal_ductal_like","sample1"
"Cell259","Ductal_APOL1_high-hypoxic","sample1"
"Cell260","Ductal_MHC_Class_II","sample1"
"Cell261","Ductal_APOL1_high-hypoxic","sample1"
"Cell262","Ductal_APOL1_high-hypoxic","sample1"
"Cell263","Endothelial_cells","sample1"
"Cell264","Ductal_MHC_Class_II","sample1"
"Cell265","Ductal_terminal_ductal_like","sample1"
"Cell266","Cancer_clone_B","sample1"
"Cell267","Ductal_CRISP3_high-centroacinar_like","sample1"
"Cell268","Ductal_terminal_ductal_like","sample1"
"Cell269","Ductal_APOL1_high-hypoxic","sample1"
"Cell270","Ductal_MHC_Class_II","sample1"
"Cell271","Ductal_CRISP3_high-centroacinar_like","sample1"
"Cell272","Ductal_MHC_Class_II","sample1"
"Cell273","Ductal_CRISP3_high-centroacinar_like","sample1"
"Cell274","Macrophages_B","sample1"
"Cell275","Ductal_terminal_ductal_like","sample1"
"Cell276","Cancer_clone_B","sample1"
"Cell277","Ductal_MHC_Class_II","sample1"
"Cell278","Ductal_CRISP3_high-centroacinar_like","sample1"
"Cell279","Ductal_MHC_Class_II","sample1"
"Cell280","pDCs","sample1"
"Cell281","Ductal_MHC_Class_II","sample1"
"Cell282","Macrophages_B","sample1"
"Cell283","Ductal_terminal_ductal_like","sample1"
"Cell284","Cancer_clone_A","sample1"
"Cell285","Ductal_CRISP3_high-centroacinar_like","sample1"
"Cell286","Ductal_MHC_Class_II","sample1"
"Cell287","Ductal_CRISP3_high-centroacinar_like","sample1"
"Cell288","Tuft_cells","sample1"
"Cell289","Ductal_MHC_Class_II","sample1"
"Cell290","Ductal_CRISP3_high-centroacinar_like","sample1"
"Cell291","Cancer_clone_A","sample1"
"Cell292","Ductal_MHC_Class_II","sample1"
"Cell293","Ductal_CRISP3_high-centroacinar_like","sample1"
"Cell294","mDCs_A","sample1"
"Cell295","T_cells_&_NK_cells","sample1"
"Cell296","Ductal_APOL1_high-hypoxic","sample1"
"Cell297","Ductal_terminal_ductal_like","sample1"
"Cell298","Ductal_terminal_ductal_like","sample1"
"Cell299","Ductal_CRISP3_high-centroacinar_like","sample1"
"Cell300","Ductal_CRISP3_high-centroacinar_like","sample1"
"Cell301","Ductal_CRISP3_high-centroacinar_like","sample1"
"Cell302","Ductal_CRISP3_high-centroacinar_like","sample1"
"Cell303","Cancer_clone_B","sample1"
"Cell304","Ductal_CRISP3_high-centroacinar_like","sample1"
"Cell305","Ductal_CRISP3_high-centroacinar_like","sample1"
"Cell306","Tuft_cells","sample1"
"Cell307","Ductal_CRISP3_high-centroacinar_like","sample1"
"Cell308","Ductal_CRISP3_high-centroacinar_like","sample1"
"Cell309","Ductal_terminal_ductal_like","sample1"
"Cell310","Ductal_CRISP3_high-centroacinar_like","sample1"
"Cell311","Ductal_CRISP3_high-centroacinar_like","sample1"
"Cell312","Ductal_MHC_Class_II","sample1"
"Cell313","Cancer_clone_B","sample1"
"Cell314","Cancer_clone_A","sample1"
"Cell315","Ductal_terminal_ductal_like","sample1"
"Cell316","Macrophages_A","sample1"
"Cell317","Ductal_MHC_Class_II","sample1"
"Cell318","Ductal_CRISP3_high-centroacinar_like","sample1"
"Cell319","Ductal_MHC_Class_II","sample1"
"Cell320","Ductal_MHC_Class_II","sample1"
"Cell321","Monocytes","sample1"
"Cell322","Ductal_terminal_ductal_like","sample1"
"Cell323","Ductal_APOL1_high-hypoxic","sample1"
"Cell324","T_cells_&_NK_cells","sample1"
"Cell325","Ductal_CRISP3_high-centroacinar_like","sample1"
"Cell326","Ductal_APOL1_high-hypoxic","sample1"
"Cell327","Ductal_terminal_ductal_like","sample1"
"Cell328","mDCs_B","sample1"
"Cell329","T_cells_&_NK_cells","sample1"
"Cell330","Ductal_CRISP3_high-centroacinar_like","sample1"
"Cell331","T_cells_&_NK_cells","sample1"
"Cell332","Cancer_clone_A","sample1"
"Cell333","Ductal_APOL1_high-hypoxic","sample1"
"Cell334","Cancer_clone_B","sample1"
"Cell335","Ductal_terminal_ductal_like","sample1"
"Cell336","Ductal_terminal_ductal_like","sample1"
"Cell337","Cancer_clone_B","sample1"
"Cell338","Cancer_clone_A","sample1"
"Cell339","Ductal_APOL1_high-hypoxic","sample1"
"Cell340","Ductal_APOL1_high-hypoxic","sample1"
"Cell341","Ductal_CRISP3_high-centroacinar_like","sample1"
"Cell342","Ductal_MHC_Class_II","sample1"
"Cell343","T_cells_&_NK_cells","sample1"
"Cell344","Cancer_clone_B","sample1"
"Cell345","T_cells_&_NK_cells","sample1"
"Cell346","Ductal_APOL1_high-hypoxic","sample1"
"Cell347","Ductal_APOL1_high-hypoxic","sample1"
"Cell348","Cancer_clone_A","sample1"
"Cell349","Ductal_MHC_Class_II","sample1"
"Cell350","Ductal_CRISP3_high-centroacinar_like","sample1"
"Cell351","Ductal_CRISP3_high-centroacinar_like","sample1"
"Cell352","Ductal_MHC_Class_II","sample1"
"Cell353","Ductal_CRISP3_high-centroacinar_like","sample1"
"Cell354","Ductal_APOL1_high-hypoxic","sample1"
"Cell355","RBCs","sample1"
"Cell356","Ductal_terminal_ductal_like","sample1"
"Cell357","Ductal_terminal_ductal_like","sample1"
"Cell358","T_cells_&_NK_cells","sample1"
"Cell359","Ductal_terminal_ductal_like","sample1"
"Cell360","Monocytes","sample1"
"Cell361","Ductal_CRISP3_high-centroacinar_like","sample1"
"Cell362","Ductal_APOL1_high-hypoxic","sample1"
"Cell363","Ductal_CRISP3_high-centroacinar_like","sample1"
"Cell364","Cancer_clone_A","sample1"
"Cell365","pDCs","sample1"
"Cell366","Cancer_clone_B","sample1"
"Cell367","Monocytes","sample1"
"Cell368","Ductal_MHC_Class_II","sample1"
"Cell369","Ductal_terminal_ductal_like","sample1"
"Cell370","Ductal_terminal_ductal_like","sample1"
"Cell371","Ductal_CRISP3_high-centroacinar_like","sample1"
"Cell372","RBCs","sample1"
"Cell373","RBCs","sample1"
"Cell374","Ductal_CRISP3_high-centroacinar_like","sample1"
"Cell375","Cancer_clone_A","sample1"
"Cell376","Cancer_clone_A","sample1"
"Cell377","Ductal_terminal_ductal_like","sample1"
"Cell378","Ductal_CRISP3_high-centroacinar_like","sample1"
"Cell379","Cancer_clone_B","sample1"
"Cell380","Cancer_clone_A","sample1"
"Cell381","Ductal_terminal_ductal_like","sample1"
"Cell382","Cancer_clone_B","sample1"
"Cell383","Ductal_MHC_Class_II","sample1"
"Cell384","Cancer_clone_A","sample1"
"Cell385","Ductal_CRISP3_high-centroacinar_like","sample1"
"Cell386","Ductal_CRISP3_high-centroacinar_like","sample1"
"Cell387","Ductal_CRISP3_high-centroacinar_like","sample1"
"Cell388","Ductal_terminal_ductal_like","sample1"
"Cell389","Ductal_APOL1_high-hypoxic","sample1"
"Cell390","Ductal_APOL1_high-hypoxic","sample1"
"Cell391","Cancer_clone_A","sample1"
"Cell392","Cancer_clone_A","sample1"
"Cell393","Ductal_CRISP3_high-centroacinar_like","sample1"
"Cell394","Ductal_terminal_ductal_like","sample1"
"Cell395","Ductal_MHC_Class_II","sample1"
"Cell396","Cancer_clone_B","sample1"
"Cell397","Ductal_terminal_ductal_like","sample1"
"Cell398","Cancer_clone_A","sample1"
"Cell399","Ductal_CRISP3_high-centroacinar_like","sample1"
"Cell400","Macrophages_A","sample1"
"Cell401","Ductal_CRISP3_high-centroacinar_like","sample1"
"Cell402","Ductal_APOL1_high-hypoxic","sample1"
"Cell403","Ductal_MHC_Class_II","sample1"
"Cell404","Ductal_terminal_ductal_like","sample1"
"Cell405","Ductal_CRISP3_high-centroacinar_like","sample1"
"Cell406","Ductal_terminal_ductal_like","sample1"
"Cell407","Ductal_APOL1_high-hypoxic","sample1"
"Cell408","Ductal_APOL1_high-hypoxic","sample1"
"Cell409","Ductal_CRISP3_high-centroacinar_like","sample1"
"Cell410","Ductal_CRISP3_high-centroacinar_like","sample1"
"Cell411","Ductal_CRISP3_high-centroacinar_like","sample1"
"Cell412","Ductal_CRISP3_high-centroacinar_like","sample1"
"Cell413","Cancer_clone_B","sample1"
"Cell414","Cancer_clone_B","sample1"
"Cell415","Ductal_CRISP3_high-centroacinar_like","sample1"
"Cell416","Cancer_clone_B","sample1"
"Cell417","Ductal_MHC_Class_II","sample1"
"Cell418","Ductal_CRISP3_high-centroacinar_like","sample1"
"Cell419","Ductal_APOL1_high-hypoxic","sample1"
"Cell420","Cancer_clone_B","sample1"
"Cell421","Ductal_APOL1_high-hypoxic","sample1"
"Cell422","Ductal_MHC_Class_II","sample1"
"Cell423","Ductal_MHC_Class_II","sample1"
"Cell424","Cancer_clone_B","sample1"
"Cell425","Ductal_CRISP3_high-centroacinar_like","sample1"
"Cell426","Ductal_CRISP3_high-centroacinar_like","sample1"
"Cell427","Ductal_CRISP3_high-centroacinar_like","sample1"
"Cell428","Ductal_CRISP3_high-centroacinar_like","sample1"
"Cell429","Ductal_CRISP3_high-centroacinar_like","sample1"
"Cell430","Ductal_CRISP3_high-centroacinar_like","sample1"
"Cell431","Ductal_CRISP3_high-centroacinar_like","sample1"
"Cell432","Ductal_MHC_Class_II","sample1"
"Cell433","Ductal_terminal_ductal_like","sample1"
"Cell434","Ductal_CRISP3_high-centroacinar_like","sample1"
"Cell435","Ductal_CRISP3_high-centroacinar_like","sample1"
"Cell436","Cancer_clone_A","sample1"
"Cell437","Ductal_APOL1_high-hypoxic","sample1"
"Cell438","Cancer_clone_B","sample1"
"Cell439","Ductal_MHC_Class_II","sample1"
"Cell440","Ductal_CRISP3_high-centroacinar_like","sample1"
"Cell441","Ductal_CRISP3_high-centroacinar_like","sample1"
"Cell442","Cancer_clone_A","sample1"
"Cell443","Ductal_CRISP3_high-centroacinar_like","sample1"
"Cell444","Cancer_clone_B","sample1"
"Cell445","Ductal_MHC_Class_II","sample1"
"Cell446","Mast_cells","sample1"
"Cell447","Ductal_MHC_Class_II","sample1"
"Cell448","Ductal_MHC_Class_II","sample1"
"Cell449","Ductal_terminal_ductal_like","sample1"
"Cell450","Ductal_terminal_ductal_like","sample1"
"Cell451","Ductal_MHC_Class_II","sample1"
"Cell452","Ductal_CRISP3_high-centroacinar_like","sample1"
"Cell453","Ductal_MHC_Class_II","sample1"
"Cell454","Ductal_CRISP3_high-centroacinar_like","sample1"
"Cell455","Cancer_clone_A","sample1"
"Cell456","Ductal_CRISP3_high-centroacinar_like","sample1"
"Cell457","Ductal_MHC_Class_II","sample1"
"Cell458","Ductal_terminal_ductal_like","sample1"
"Cell459","Ductal_CRISP3_high-centroacinar_like","sample1"
"Cell460","Ductal_APOL1_high-hypoxic","sample1"
"Cell461","Ductal_MHC_Class_II","sample1"
"Cell462","Ductal_CRISP3_high-centroacinar_like","sample1"
"Cell463","Ductal_CRISP3_high-centroacinar_like","sample1"
"Cell464","Ductal_CRISP3_high-centroacinar_like","sample1"
"Cell465","Cancer_clone_A","sample1"
"Cell466","Ductal_MHC_Class_II","sample1"
"Cell467","Ductal_MHC_Class_II","sample1"
"Cell468","Ductal_CRISP3_high-centroacinar_like","sample1"
"Cell469","Ductal_CRISP3_high-centroacinar_like","sample1"
"Cell470","Ductal_CRISP3_high-centroacinar_like","sample1"
"Cell471","Ductal_CRISP3_high-centroacinar_like","sample1"
"Cell472","Ductal_terminal_ductal_like","sample1"
"Cell473","Ductal_APOL1_high-hypoxic","sample1"
"Cell474","Ductal_terminal_ductal_like","sample1"
"Cell475","Ductal_MHC_Class_II","sample1"
"Cell476","Tuft_cells","sample1"
"Cell477","Macrophages_B","sample1"
"Cell478","Ductal_CRISP3_high-centroacinar_like","sample1"
"Cell479","Ductal_terminal_ductal_like","sample1"
"Cell480","Ductal_CRISP3_high-centroacinar_like","sample1"
"Cell481","Cancer_clone_A","sample1"
"Cell482","Ductal_CRISP3_high-centroacinar_like","sample1"
"Cell483","Ductal_CRISP3_high-centroacinar_like","sample1"
"Cell484","Cancer_clone_A","sample1"
"Cell485","Ductal_terminal_ductal_like","sample1"
"Cell486","Cancer_clone_A","sample1"
"Cell487","Ductal_MHC_Class_II","sample1"
"Cell488","Cancer_clone_A","sample1"
"Cell489","Ductal_CRISP3_high-centroacinar_like","sample1"
"Cell490","Cancer_clone_A","sample1"
"Cell491","Ductal_CRISP3_high-centroacinar_like","sample1"
"Cell492","Ductal_CRISP3_high-centroacinar_like","sample1"
"Cell493","Ductal_APOL1_high-hypoxic","sample1"
"Cell494","Ductal_CRISP3_high-centroacinar_like","sample1"
"Cell495","Ductal_MHC_Class_II","sample1"
"Cell496","Ductal_terminal_ductal_like","sample1"
"Cell497","Ductal_CRISP3_high-centroacinar_like","sample1"
"Cell498","Ductal_MHC_Class_II","sample1"
"Cell499","Ductal_APOL1_high-hypoxic","sample1"
"Cell500","Cancer_clone_B","sample1"
"Cell501","Cancer_clone_B","sample1"
"Cell502","Ductal_terminal_ductal_like","sample1"
"Cell503","Ductal_terminal_ductal_like","sample1"
"Cell504","Mast_cells","sample1"
"Cell505","Cancer_clone_A","sample1"
"Cell506","Ductal_CRISP3_high-centroacinar_like","sample1"
"Cell507","Ductal_CRISP3_high-centroacinar_like","sample1"
"Cell508","Ductal_terminal_ductal_like","sample1"
"Cell509","Ductal_terminal_ductal_like","sample1"
"Cell510","Cancer_clone_B","sample1"
"Cell511","Ductal_CRISP3_high-centroacinar_like","sample1"
"Cell512","Ductal_terminal_ductal_like","sample1"
"Cell513","Ductal_CRISP3_high-centroacinar_like","sample1"
"Cell514","Cancer_clone_B","sample1"
"Cell515","Ductal_APOL1_high-hypoxic","sample1"
"Cell516","Ductal_CRISP3_high-centroacinar_like","sample1"
"Cell517","Ductal_MHC_Class_II","sample1"
"Cell518","Cancer_clone_B","sample1"
"Cell519","Ductal_terminal_ductal_like","sample1"
"Cell520","Ductal_APOL1_high-hypoxic","sample1"
"Cell521","Ductal_CRISP3_high-centroacinar_like","sample1"
"Cell522","Ductal_APOL1_high-hypoxic","sample1"
"Cell523","Ductal_CRISP3_high-centroacinar_like","sample1"
"Cell524","Ductal_MHC_Class_II","sample1"
"Cell525","Ductal_terminal_ductal_like","sample1"
"Cell526","Ductal_CRISP3_high-centroacinar_like","sample1"
"Cell527","Ductal_CRISP3_high-centroacinar_like","sample1"
"Cell528","Ductal_terminal_ductal_like","sample1"
"Cell529","Ductal_APOL1_high-hypoxic","sample1"
"Cell530","Cancer_clone_B","sample1"
"Cell531","Ductal_terminal_ductal_like","sample1"
"Cell532","Ductal_CRISP3_high-centroacinar_like","sample1"
"Cell533","Ductal_CRISP3_high-centroacinar_like","sample1"
"Cell534","Ductal_CRISP3_high-centroacinar_like","sample1"
"Cell535","Ductal_terminal_ductal_like","sample1"
"Cell536","Ductal_APOL1_high-hypoxic","sample1"
"Cell537","Ductal_CRISP3_high-centroacinar_like","sample1"
"Cell538","Ductal_CRISP3_high-centroacinar_like","sample1"
"Cell539","Ductal_MHC_Class_II","sample1"
"Cell540","Ductal_terminal_ductal_like","sample1"
"Cell541","Cancer_clone_A","sample1"
"Cell542","Cancer_clone_B","sample1"
"Cell543","Cancer_clone_B","sample1"
"Cell544","mDCs_A","sample1"
"Cell545","Ductal_APOL1_high-hypoxic","sample1"
"Cell546","Ductal_terminal_ductal_like","sample1"
"Cell547","Ductal_CRISP3_high-centroacinar_like","sample1"
"Cell548","Ductal_terminal_ductal_like","sample1"
"Cell549","Ductal_MHC_Class_II","sample1"
"Cell550","Ductal_MHC_Class_II","sample1"
"Cell551","Ductal_MHC_Class_II","sample1"
"Cell552","Ductal_CRISP3_high-centroacinar_like","sample1"
"Cell553","Ductal_terminal_ductal_like","sample1"
"Cell554","Ductal_terminal_ductal_like","sample1"
"Cell555","Ductal_MHC_Class_II","sample1"
"Cell556","Ductal_CRISP3_high-centroacinar_like","sample1"
"Cell557","Ductal_APOL1_high-hypoxic","sample1"
"Cell558","Ductal_terminal_ductal_like","sample1"
"Cell559","Ductal_MHC_Class_II","sample1"
"Cell560","Ductal_MHC_Class_II","sample1"
"Cell561","Cancer_clone_B","sample1"
"Cell562","Ductal_APOL1_high-hypoxic","sample1"
"Cell563","Ductal_CRISP3_high-centroacinar_like","sample1"
"Cell564","Ductal_terminal_ductal_like","sample1"
"Cell565","Ductal_terminal_ductal_like","sample1"
"Cell566","Ductal_MHC_Class_II","sample1"
"Cell567","Cancer_clone_A","sample1"
"Cell568","Ductal_APOL1_high-hypoxic","sample1"
"Cell569","Ductal_terminal_ductal_like","sample1"
"Cell570","Tuft_cells","sample1"
"Cell571","Cancer_clone_A","sample1"
"Cell572","Ductal_APOL1_high-hypoxic","sample1"
"Cell573","Tuft_cells","sample1"
"Cell574","Ductal_MHC_Class_II","sample1"
"Cell575","Ductal_terminal_ductal_like","sample1"
"Cell576","Tuft_cells","sample1"
"Cell577","Ductal_CRISP3_high-centroacinar_like","sample1"
"Cell578","Ductal_APOL1_high-hypoxic","sample1"
"Cell579","Cancer_clone_A","sample1"
"Cell580","Ductal_CRISP3_high-centroacinar_like","sample1"
"Cell581","Ductal_terminal_ductal_like","sample1"
"Cell582","Ductal_APOL1_high-hypoxic","sample1"
"Cell583","Ductal_MHC_Class_II","sample1"
"Cell584","Ductal_CRISP3_high-centroacinar_like","sample1"
"Cell585","Ductal_APOL1_high-hypoxic","sample1"
"Cell586","Macrophages_B","sample1"
"Cell587","Ductal_CRISP3_high-centroacinar_like","sample1"
"Cell588","Ductal_CRISP3_high-centroacinar_like","sample1"
"Cell589","Ductal_MHC_Class_II","sample1"
"Cell590","Cancer_clone_B","sample1"
"Cell591","Ductal_CRISP3_high-centroacinar_like","sample1"
"Cell592","Ductal_CRISP3_high-centroacinar_like","sample1"
"Cell593","Ductal_CRISP3_high-centroacinar_like","sample1"
"Cell594","Ductal_MHC_Class_II","sample1"
"Cell595","Ductal_terminal_ductal_like","sample1"
"Cell596","Ductal_MHC_Class_II","sample1"
"Cell597","Cancer_clone_B","sample1"
"Cell598","Ductal_CRISP3_high-centroacinar_like","sample1"
"Cell599","Cancer_clone_A","sample1"
"Cell600","Cancer_clone_B","sample1"
"Cell601","Ductal_terminal_ductal_like","sample1"
"Cell602","Ductal_MHC_Class_II","sample1"
"Cell603","Ductal_MHC_Class_II","sample1"
"Cell604","mDCs_B","sample1"
"Cell605","Ductal_APOL1_high-hypoxic","sample1"
"Cell606","mDCs_B","sample1"
"Cell607","Ductal_CRISP3_high-centroacinar_like","sample1"
"Cell608","T_cells_&_NK_cells","sample1"
"Cell609","Cancer_clone_A","sample1"
"Cell610","Ductal_CRISP3_high-centroacinar_like","sample1"
"Cell611","Macrophages_A","sample1"
"Cell612","Ductal_CRISP3_high-centroacinar_like","sample1"
"Cell613","Ductal_MHC_Class_II","sample1"
"Cell614","Ductal_terminal_ductal_like","sample1"
"Cell615","Ductal_terminal_ductal_like","sample1"
"Cell616","Macrophages_A","sample1"
"Cell617","Ductal_MHC_Class_II","sample1"
"Cell618","Ductal_MHC_Class_II","sample1"
"Cell619","Ductal_CRISP3_high-centroacinar_like","sample1"
"Cell620","Ductal_APOL1_high-hypoxic","sample1"
"Cell621","Ductal_terminal_ductal_like","sample1"
"Cell622","Ductal_CRISP3_high-centroacinar_like","sample1"
"Cell623","Ductal_terminal_ductal_like","sample1"
"Cell624","Ductal_CRISP3_high-centroacinar_like","sample1"
"Cell625","Ductal_terminal_ductal_like","sample1"
"Cell626","Cancer_clone_A","sample1"
"Cell627","Monocytes","sample1"
"Cell628","Ductal_CRISP3_high-centroacinar_like","sample1"
"Cell629","Ductal_terminal_ductal_like","sample1"
"Cell630","Ductal_terminal_ductal_like","sample1"
"Cell631","Cancer_clone_B","sample1"
"Cell632","Ductal_CRISP3_high-centroacinar_like","sample1"
"Cell633","Ductal_CRISP3_high-centroacinar_like","sample1"
"Cell634","Ductal_CRISP3_high-centroacinar_like","sample1"
"Cell635","Ductal_CRISP3_high-centroacinar_like","sample1"
"Cell636","Ductal_CRISP3_high-centroacinar_like","sample1"
"Cell637","Ductal_APOL1_high-hypoxic","sample1"
"Cell638","Ductal_CRISP3_high-centroacinar_like","sample1"
"Cell639","Macrophages_A","sample1"
"Cell640","Ductal_terminal_ductal_like","sample1"
"Cell641","Ductal_terminal_ductal_like","sample1"
"Cell642","Ductal_MHC_Class_II","sample1"
"Cell643","Ductal_terminal_ductal_like","sample1"
"Cell644","Cancer_clone_A","sample1"
"Cell645","Ductal_MHC_Class_II","sample1"
"Cell646","Ductal_MHC_Class_II","sample1"
"Cell647","Ductal_MHC_Class_II","sample1"
"Cell648","Ductal_CRISP3_high-centroacinar_like","sample1"
"Cell649","Ductal_MHC_Class_II","sample1"
"Cell650","Ductal_CRISP3_high-centroacinar_like","sample1"
"Cell651","Ductal_terminal_ductal_like","sample1"
"Cell652","Cancer_clone_B","sample1"
"Cell653","Ductal_terminal_ductal_like","sample1"
"Cell654","Ductal_MHC_Class_II","sample1"
"Cell655","Ductal_terminal_ductal_like","sample1"
"Cell656","Ductal_terminal_ductal_like","sample1"
"Cell657","T_cells_&_NK_cells","sample1"
"Cell658","Ductal_APOL1_high-hypoxic","sample1"
"Cell659","Monocytes","sample1"
"Cell660","Cancer_clone_B","sample1"
"Cell661","Ductal_MHC_Class_II","sample1"
"Cell662","Ductal_CRISP3_high-centroacinar_like","sample1"
"Cell663","Ductal_APOL1_high-hypoxic","sample1"
"Cell664","Ductal_terminal_ductal_like","sample1"
"Cell665","Ductal_MHC_Class_II","sample1"
"Cell666","Ductal_terminal_ductal_like","sample1"
"Cell667","Cancer_clone_A","sample1"
"Cell668","T_cells_&_NK_cells","sample1"
"Cell669","Ductal_terminal_ductal_like","sample1"
"Cell670","Ductal_terminal_ductal_like","sample1"
"Cell671","Ductal_CRISP3_high-centroacinar_like","sample1"
"Cell672","Ductal_terminal_ductal_like","sample1"
"Cell673","Ductal_CRISP3_high-centroacinar_like","sample1"
"Cell674","Macrophages_A","sample1"
"Cell675","Cancer_clone_A","sample1"
"Cell676","Ductal_CRISP3_high-centroacinar_like","sample1"
"Cell677","Ductal_MHC_Class_II","sample1"
"Cell678","Ductal_terminal_ductal_like","sample1"
"Cell679","Ductal_APOL1_high-hypoxic","sample1"
"Cell680","Ductal_MHC_Class_II","sample1"
"Cell681","Ductal_MHC_Class_II","sample1"
"Cell682","Ductal_CRISP3_high-centroacinar_like","sample1"
"Cell683","Ductal_CRISP3_high-centroacinar_like","sample1"
"Cell684","Ductal_MHC_Class_II","sample1"
"Cell685","Ductal_terminal_ductal_like","sample1"
"Cell686","Fibroblasts","sample1"
"Cell687","Ductal_terminal_ductal_like","sample1"
"Cell688","T_cells_&_NK_cells","sample1"
"Cell689","T_cells_&_NK_cells","sample1"
"Cell690","Cancer_clone_A","sample1"
"Cell691","Ductal_APOL1_high-hypoxic","sample1"
"Cell692","Ductal_terminal_ductal_like","sample1"
"Cell693","Cancer_clone_B","sample1"
"Cell694","Macrophages_B","sample1"
"Cell695","T_cells_&_NK_cells","sample1"
"Cell696","Ductal_MHC_Class_II","sample1"
"Cell697","Ductal_CRISP3_high-centroacinar_like","sample1"
"Cell698","Ductal_MHC_Class_II","sample1"
"Cell699","Ductal_APOL1_high-hypoxic","sample1"
"Cell700","Ductal_CRISP3_high-centroacinar_like","sample1"
"Cell701","Ductal_CRISP3_high-centroacinar_like","sample1"
"Cell702","Ductal_terminal_ductal_like","sample1"
"Cell703","Macrophages_B","sample1"
"Cell704","T_cells_&_NK_cells","sample1"
"Cell705","Ductal_CRISP3_high-centroacinar_like","sample1"
"Cell706","Ductal_MHC_Class_II","sample1"
"Cell707","Cancer_clone_A","sample1"
"Cell708","Ductal_terminal_ductal_like","sample1"
"Cell709","Cancer_clone_A","sample1"
"Cell710","Monocytes","sample1"
"Cell711","Ductal_MHC_Class_II","sample1"
"Cell712","Ductal_CRISP3_high-centroacinar_like","sample1"
"Cell713","Ductal_CRISP3_high-centroacinar_like","sample1"
"Cell714","Ductal_APOL1_high-hypoxic","sample1"
"Cell715","Ductal_APOL1_high-hypoxic","sample1"
"Cell716","Monocytes","sample1"
"Cell717","Endothelial_cells","sample1"
"Cell718","Ductal_terminal_ductal_like","sample1"
"Cell719","T_cells_&_NK_cells","sample1"
"Cell720","Macrophages_B","sample1"
"Cell721","T_cells_&_NK_cells","sample1"
"Cell722","Acinar_cells","sample1"
"Cell723","Ductal_CRISP3_high-centroacinar_like","sample1"
"Cell724","T_cells_&_NK_cells","sample1"
"Cell725","Cancer_clone_A","sample1"
"Cell726","Ductal_MHC_Class_II","sample1"
"Cell727","Ductal_terminal_ductal_like","sample1"
"Cell728","Ductal_MHC_Class_II","sample1"
"Cell729","Ductal_MHC_Class_II","sample1"
"Cell730","Cancer_clone_A","sample1"
"Cell731","RBCs","sample1"
"Cell732","Ductal_CRISP3_high-centroacinar_like","sample1"
"Cell733","Cancer_clone_B","sample1"
"Cell734","Fibroblasts","sample1"
"Cell735","Ductal_MHC_Class_II","sample1"
"Cell736","Ductal_MHC_Class_II","sample1"
"Cell737","Ductal_MHC_Class_II","sample1"
"Cell738","mDCs_B","sample1"
"Cell739","T_cells_&_NK_cells","sample1"
"Cell740","Macrophages_A","sample1"
"Cell741","Ductal_MHC_Class_II","sample1"
"Cell742","T_cells_&_NK_cells","sample1"
"Cell743","Cancer_clone_B","sample1"
"Cell744","Cancer_clone_A","sample1"
"Cell745","Macrophages_A","sample1"
"Cell746","Ductal_CRISP3_high-centroacinar_like","sample1"
"Cell747","Ductal_CRISP3_high-centroacinar_like","sample1"
"Cell748","Monocytes","sample1"
"Cell749","Ductal_CRISP3_high-centroacinar_like","sample1"
"Cell750","Ductal_CRISP3_high-centroacinar_like","sample1"
"Cell751","T_cells_&_NK_cells","sample1"
"Cell752","Ductal_CRISP3_high-centroacinar_like","sample1"
"Cell753","RBCs","sample1"
"Cell754","Ductal_CRISP3_high-centroacinar_like","sample1"
"Cell755","Monocytes","sample1"
"Cell756","Ductal_CRISP3_high-centroacinar_like","sample1"
"Cell757","Ductal_terminal_ductal_like","sample1"
"Cell758","Cancer_clone_B","sample1"
"Cell759","Ductal_terminal_ductal_like","sample1"
"Cell760","Ductal_MHC_Class_II","sample1"
"Cell761","Cancer_clone_A","sample1"
"Cell762","Ductal_CRISP3_high-centroacinar_like","sample1"
"Cell763","Ductal_APOL1_high-hypoxic","sample1"
"Cell764","Ductal_CRISP3_high-centroacinar_like","sample1"
"Cell765","Ductal_terminal_ductal_like","sample1"
"Cell766","Ductal_CRISP3_high-centroacinar_like","sample1"
"Cell767","Ductal_terminal_ductal_like","sample1"
"Cell768","Cancer_clone_A","sample1"
"Cell769","Cancer_clone_A","sample1"
"Cell770","Ductal_CRISP3_high-centroacinar_like","sample1"
"Cell771","Mast_cells","sample1"
"Cell772","Cancer_clone_B","sample1"
"Cell773","Ductal_MHC_Class_II","sample1"
"Cell774","Cancer_clone_A","sample1"
"Cell775","Ductal_terminal_ductal_like","sample1"
"Cell776","Ductal_MHC_Class_II","sample1"
"Cell777","Ductal_CRISP3_high-centroacinar_like","sample1"
"Cell778","Ductal_MHC_Class_II","sample1"
"Cell779","Ductal_MHC_Class_II","sample1"
"Cell780","Ductal_MHC_Class_II","sample1"
"Cell781","Acinar_cells","sample1"
"Cell782","Cancer_clone_B","sample1"
"Cell783","Ductal_CRISP3_high-centroacinar_like","sample1"
"Cell784","Ductal_MHC_Class_II","sample1"
"Cell785","Ductal_APOL1_high-hypoxic","sample1"
"Cell786","Ductal_CRISP3_high-centroacinar_like","sample1"
"Cell787","Ductal_terminal_ductal_like","sample1"
"Cell788","Ductal_terminal_ductal_like","sample1"
"Cell789","Cancer_clone_A","sample1"
"Cell790","Ductal_terminal_ductal_like","sample1"
"Cell791","Ductal_terminal_ductal_like","sample1"
"Cell792","Ductal_terminal_ductal_like","sample1"
"Cell793","Ductal_CRISP3_high-centroacinar_like","sample1"
"Cell794","Ductal_CRISP3_high-centroacinar_like","sample1"
"Cell795","Cancer_clone_A","sample1"
"Cell796","Ductal_terminal_ductal_like","sample1"
"Cell797","Cancer_clone_B","sample1"
"Cell798","Ductal_terminal_ductal_like","sample1"
"Cell799","Ductal_CRISP3_high-centroacinar_like","sample1"
"Cell800","Ductal_APOL1_high-hypoxic","sample1"
"Cell801","Ductal_CRISP3_high-centroacinar_like","sample1"
"Cell802","Ductal_CRISP3_high-centroacinar_like","sample1"
"Cell803","Ductal_CRISP3_high-centroacinar_like","sample1"
"Cell804","Ductal_terminal_ductal_like","sample1"
"Cell805","Ductal_CRISP3_high-centroacinar_like","sample1"
"Cell806","Ductal_APOL1_high-hypoxic","sample1"
"Cell807","Ductal_MHC_Class_II","sample1"
"Cell808","Ductal_CRISP3_high-centroacinar_like","sample1"
"Cell809","Ductal_CRISP3_high-centroacinar_like","sample1"
"Cell810","Ductal_MHC_Class_II","sample1"
"Cell811","Ductal_MHC_Class_II","sample1"
"Cell812","Ductal_CRISP3_high-centroacinar_like","sample1"
"Cell813","Cancer_clone_A","sample1"
"Cell814","Ductal_MHC_Class_II","sample1"
"Cell815","Ductal_CRISP3_high-centroacinar_like","sample1"
"Cell816","Ductal_MHC_Class_II","sample1"
"Cell817","Ductal_CRISP3_high-centroacinar_like","sample1"
"Cell818","Ductal_CRISP3_high-centroacinar_like","sample1"
"Cell819","Ductal_CRISP3_high-centroacinar_like","sample1"
"Cell820","Ductal_CRISP3_high-centroacinar_like","sample1"
"Cell821","Ductal_terminal_ductal_like","sample1"
"Cell822","Ductal_terminal_ductal_like","sample1"
"Cell823","Ductal_terminal_ductal_like","sample1"
"Cell824","Ductal_MHC_Class_II","sample1"
"Cell825","Cancer_clone_A","sample1"
"Cell826","Mast_cells","sample1"
"Cell827","Ductal_CRISP3_high-centroacinar_like","sample1"
"Cell828","Ductal_APOL1_high-hypoxic","sample1"
"Cell829","Ductal_terminal_ductal_like","sample1"
"Cell830","Ductal_MHC_Class_II","sample1"
"Cell831","Cancer_clone_A","sample1"
"Cell832","Ductal_APOL1_high-hypoxic","sample1"
"Cell833","Mast_cells","sample1"
"Cell834","Ductal_APOL1_high-hypoxic","sample1"
"Cell835","Ductal_terminal_ductal_like","sample1"
"Cell836","Cancer_clone_A","sample1"
"Cell837","Ductal_MHC_Class_II","sample1"
"Cell838","Ductal_CRISP3_high-centroacinar_like","sample1"
"Cell839","Ductal_MHC_Class_II","sample1"
"Cell840","Ductal_APOL1_high-hypoxic","sample1"
"Cell841","Ductal_CRISP3_high-centroacinar_like","sample1"
"Cell842","Ductal_CRISP3_high-centroacinar_like","sample1"
"Cell843","Cancer_clone_B","sample1"
"Cell844","Ductal_MHC_Class_II","sample1"
"Cell845","Ductal_APOL1_high-hypoxic","sample1"
"Cell846","Ductal_APOL1_high-hypoxic","sample1"
"Cell847","Ductal_APOL1_high-hypoxic","sample1"
"Cell848","Ductal_CRISP3_high-centroacinar_like","sample1"
"Cell849","Ductal_CRISP3_high-centroacinar_like","sample1"
"Cell850","Ductal_APOL1_high-hypoxic","sample1"
"Cell851","Ductal_CRISP3_high-centroacinar_like","sample1"
"Cell852","Ductal_terminal_ductal_like","sample1"
"Cell853","Ductal_CRISP3_high-centroacinar_like","sample1"
"Cell854","Ductal_APOL1_high-hypoxic","sample1"
"Cell855","Ductal_MHC_Class_II","sample1"
"Cell856","Endothelial_cells","sample1"
"Cell857","Ductal_APOL1_high-hypoxic","sample1"
"Cell858","Ductal_terminal_ductal_like","sample1"
"Cell859","Cancer_clone_A","sample1"
"Cell860","Ductal_terminal_ductal_like","sample1"
"Cell861","Ductal_APOL1_high-hypoxic","sample1"
"Cell862","Ductal_MHC_Class_II","sample1"
"Cell863","Ductal_APOL1_high-hypoxic","sample1"
"Cell864","Ductal_APOL1_high-hypoxic","sample1"
"Cell865","Ductal_MHC_Class_II","sample1"
"Cell866","Cancer_clone_B","sample1"
"Cell867","Ductal_terminal_ductal_like","sample1"
"Cell868","Cancer_clone_B","sample1"
"Cell869","Ductal_terminal_ductal_like","sample1"
"Cell870","Ductal_CRISP3_high-centroacinar_like","sample1"
"Cell871","Ductal_CRISP3_high-centroacinar_like","sample1"
"Cell872","Ductal_APOL1_high-hypoxic","sample1"
"Cell873","Cancer_clone_B","sample1"
"Cell874","Ductal_CRISP3_high-centroacinar_like","sample1"
"Cell875","Ductal_terminal_ductal_like","sample1"
"Cell876","Cancer_clone_B","sample1"
"Cell877","Ductal_terminal_ductal_like","sample1"
"Cell878","Ductal_MHC_Class_II","sample1"
"Cell879","Ductal_APOL1_high-hypoxic","sample1"
"Cell880","Ductal_CRISP3_high-centroacinar_like","sample1"
"Cell881","Ductal_APOL1_high-hypoxic","sample1"
"Cell882","Ductal_CRISP3_high-centroacinar_like","sample1"
"Cell883","Ductal_CRISP3_high-centroacinar_like","sample1"
"Cell884","Ductal_terminal_ductal_like","sample1"
"Cell885","Ductal_terminal_ductal_like","sample1"
"Cell886","Ductal_terminal_ductal_like","sample1"
"Cell887","Cancer_clone_B","sample1"
"Cell888","Ductal_CRISP3_high-centroacinar_like","sample1"
"Cell889","Cancer_clone_B","sample1"
"Cell890","Ductal_CRISP3_high-centroacinar_like","sample1"
"Cell891","Cancer_clone_A","sample1"
"Cell892","Ductal_CRISP3_high-centroacinar_like","sample1"
"Cell893","Ductal_APOL1_high-hypoxic","sample1"
"Cell894","mDCs_B","sample1"
"Cell895","Ductal_MHC_Class_II","sample1"
"Cell896","Ductal_terminal_ductal_like","sample1"
"Cell897","Macrophages_A","sample1"
"Cell898","Ductal_CRISP3_high-centroacinar_like","sample1"
"Cell899","Ductal_MHC_Class_II","sample1"
"Cell900","Cancer_clone_B","sample1"
"Cell901","Ductal_MHC_Class_II","sample1"
"Cell902","Ductal_CRISP3_high-centroacinar_like","sample1"
"Cell903","Ductal_terminal_ductal_like","sample1"
"Cell904","Ductal_terminal_ductal_like","sample1"
"Cell905","Ductal_terminal_ductal_like","sample1"
"Cell906","Ductal_APOL1_high-hypoxic","sample1"
"Cell907","Ductal_CRISP3_high-centroacinar_like","sample1"
"Cell908","Cancer_clone_B","sample1"
"Cell909","Ductal_terminal_ductal_like","sample1"
"Cell910","Ductal_CRISP3_high-centroacinar_like","sample1"
"Cell911","Ductal_CRISP3_high-centroacinar_like","sample1"
"Cell912","Ductal_CRISP3_high-centroacinar_like","sample1"
"Cell913","Ductal_terminal_ductal_like","sample1"
"Cell914","Ductal_CRISP3_high-centroacinar_like","sample1"
"Cell915","Ductal_MHC_Class_II","sample1"
"Cell916","Ductal_MHC_Class_II","sample1"
"Cell917","Ductal_CRISP3_high-centroacinar_like","sample1"
"Cell918","Ductal_CRISP3_high-centroacinar_like","sample1"
"Cell919","Ductal_CRISP3_high-centroacinar_like","sample1"
"Cell920","Cancer_clone_B","sample1"
"Cell921","Macrophages_A","sample1"
"Cell922","Ductal_CRISP3_high-centroacinar_like","sample1"
"Cell923","Ductal_terminal_ductal_like","sample1"
"Cell924","Macrophages_A","sample1"
"Cell925","Ductal_terminal_ductal_like","sample1"
"Cell926","Ductal_terminal_ductal_like","sample1"
"Cell927","Ductal_CRISP3_high-centroacinar_like","sample1"
"Cell928","Ductal_CRISP3_high-centroacinar_like","sample1"
"Cell929","Ductal_CRISP3_high-centroacinar_like","sample1"
"Cell930","Ductal_APOL1_high-hypoxic","sample1"
"Cell931","Ductal_APOL1_high-hypoxic","sample1"
"Cell932","Ductal_MHC_Class_II","sample1"
"Cell933","Cancer_clone_B","sample1"
"Cell934","Ductal_MHC_Class_II","sample1"
"Cell935","Ductal_APOL1_high-hypoxic","sample1"
"Cell936","Cancer_clone_B","sample1"
"Cell937","mDCs_B","sample1"
"Cell938","Cancer_clone_B","sample1"
"Cell939","Ductal_CRISP3_high-centroacinar_like","sample1"
"Cell940","Ductal_terminal_ductal_like","sample1"
"Cell941","Ductal_APOL1_high-hypoxic","sample1"
"Cell942","Ductal_terminal_ductal_like","sample1"
"Cell943","Ductal_CRISP3_high-centroacinar_like","sample1"
"Cell944","Cancer_clone_B","sample1"
"Cell945","Ductal_APOL1_high-hypoxic","sample1"
"Cell946","Ductal_CRISP3_high-centroacinar_like","sample1"
"Cell947","Ductal_CRISP3_high-centroacinar_like","sample1"
"Cell948","Ductal_APOL1_high-hypoxic","sample1"
"Cell949","Ductal_terminal_ductal_like","sample1"
"Cell950","Ductal_APOL1_high-hypoxic","sample1"
"Cell951","Ductal_CRISP3_high-centroacinar_like","sample1"
"Cell952","Ductal_terminal_ductal_like","sample1"
"Cell953","Cancer_clone_B","sample1"
"Cell954","Ductal_APOL1_high-hypoxic","sample1"
"Cell955","Ductal_CRISP3_high-centroacinar_like","sample1"
"Cell956","Ductal_CRISP3_high-centroacinar_like","sample1"
"Cell957","Ductal_CRISP3_high-centroacinar_like","sample1"
"Cell958","Ductal_CRISP3_high-centroacinar_like","sample1"
"Cell959","T_cells_&_NK_cells","sample1"
"Cell960","Ductal_MHC_Class_II","sample1"
"Cell961","Macrophages_A","sample1"
"Cell962","Ductal_APOL1_high-hypoxic","sample1"
"Cell963","Ductal_terminal_ductal_like","sample1"
"Cell964","Ductal_CRISP3_high-centroacinar_like","sample1"
"Cell965","Ductal_terminal_ductal_like","sample1"
"Cell966","Ductal_terminal_ductal_like","sample1"
"Cell967","Macrophages_A","sample1"
"Cell968","Ductal_MHC_Class_II","sample1"
"Cell969","Ductal_APOL1_high-hypoxic","sample1"
"Cell970","Cancer_clone_B","sample1"
"Cell971","mDCs_B","sample1"
"Cell972","Ductal_MHC_Class_II","sample1"
"Cell973","Fibroblasts","sample1"
"Cell974","Ductal_APOL1_high-hypoxic","sample1"
"Cell975","Ductal_MHC_Class_II","sample1"
"Cell976","Ductal_terminal_ductal_like","sample1"
"Cell977","Cancer_clone_B","sample1"
"Cell978","Ductal_APOL1_high-hypoxic","sample1"
"Cell979","mDCs_B","sample1"
"Cell980","Ductal_MHC_Class_II","sample1"
"Cell981","Ductal_APOL1_high-hypoxic","sample1"
"Cell982","Ductal_terminal_ductal_like","sample1"
"Cell983","Ductal_APOL1_high-hypoxic","sample1"
"Cell984","Cancer_clone_B","sample1"
"Cell985","Ductal_MHC_Class_II","sample1"
"Cell986","Cancer_clone_A","sample1"
"Cell987","Ductal_CRISP3_high-centroacinar_like","sample1"
"Cell988","Ductal_CRISP3_high-centroacinar_like","sample1"
"Cell989","Ductal_CRISP3_high-centroacinar_like","sample1"
"Cell990","Ductal_terminal_ductal_like","sample1"
"Cell991","Ductal_terminal_ductal_like","sample1"
"Cell992","Ductal_CRISP3_high-centroacinar_like","sample1"
"Cell993","Ductal_terminal_ductal_like","sample1"
"Cell994","Ductal_terminal_ductal_like","sample1"
"Cell995","Ductal_MHC_Class_II","sample1"
"Cell996","Ductal_MHC_Class_II","sample1"
"Cell997","Ductal_CRISP3_high-centroacinar_like","sample1"
"Cell998","Ductal_CRISP3_high-centroacinar_like","sample1"
"Cell999","Tuft_cells","sample1"
"Cell1000","Ductal_MHC_Class_II","sample1"
"Cell1001","mDCs_B","sample1"
"Cell1002","Ductal_MHC_Class_II","sample1"
"Cell1003","Ductal_CRISP3_high-centroacinar_like","sample1"
"Cell1004","Ductal_CRISP3_high-centroacinar_like","sample1"
"Cell1005","Ductal_CRISP3_high-centroacinar_like","sample1"
"Cell1006","Ductal_terminal_ductal_like","sample1"
"Cell1007","Cancer_clone_B","sample1"
"Cell1008","Cancer_clone_A","sample1"
"Cell1009","Cancer_clone_B","sample1"
"Cell1010","Ductal_CRISP3_high-centroacinar_like","sample1"
"Cell1011","Ductal_CRISP3_high-centroacinar_like","sample1"
"Cell1012","Ductal_APOL1_high-hypoxic","sample1"
"Cell1013","Ductal_MHC_Class_II","sample1"
"Cell1014","Cancer_clone_A","sample1"
"Cell1015","mDCs_A","sample1"
"Cell1016","Ductal_CRISP3_high-centroacinar_like","sample1"
"Cell1017","mDCs_B","sample1"
"Cell1018","Cancer_clone_B","sample1"
"Cell1019","Macrophages_B","sample1"
"Cell1020","Ductal_terminal_ductal_like","sample1"
"Cell1021","Ductal_APOL1_high-hypoxic","sample1"
"Cell1022","Macrophages_B","sample1"
"Cell1023","Ductal_CRISP3_high-centroacinar_like","sample1"
"Cell1024","Ductal_CRISP3_high-centroacinar_like","sample1"
"Cell1025","Ductal_CRISP3_high-centroacinar_like","sample1"
"Cell1026","Cancer_clone_B","sample1"
"Cell1027","Ductal_terminal_ductal_like","sample1"
"Cell1028","Ductal_terminal_ductal_like","sample1"
"Cell1029","Ductal_terminal_ductal_like","sample1"
"Cell1030","Cancer_clone_B","sample1"
"Cell1031","Cancer_clone_B","sample1"
"Cell1032","Ductal_terminal_ductal_like","sample1"
"Cell1033","Ductal_APOL1_high-hypoxic","sample1"
"Cell1034","Macrophages_B","sample1"
"Cell1035","T_cells_&_NK_cells","sample1"
"Cell1036","Tuft_cells","sample1"
"Cell1037","Ductal_MHC_Class_II","sample1"
"Cell1038","Ductal_CRISP3_high-centroacinar_like","sample1"
"Cell1039","Ductal_APOL1_high-hypoxic","sample1"
"Cell1040","Cancer_clone_B","sample1"
"Cell1041","Endocrine_cells","sample1"
"Cell1042","Cancer_clone_B","sample1"
"Cell1043","Ductal_APOL1_high-hypoxic","sample1"
"Cell1044","Ductal_terminal_ductal_like","sample1"
"Cell1045","Tuft_cells","sample1"
"Cell1046","Ductal_MHC_Class_II","sample1"
"Cell1047","Ductal_APOL1_high-hypoxic","sample1"
"Cell1048","Cancer_clone_B","sample1"
"Cell1049","Ductal_CRISP3_high-centroacinar_like","sample1"
"Cell1050","pDCs","sample1"
"Cell1051","mDCs_B","sample1"
"Cell1052","Ductal_terminal_ductal_like","sample1"
"Cell1053","Ductal_CRISP3_high-centroacinar_like","sample1"
"Cell1054","Ductal_MHC_Class_II","sample1"
"Cell1055","Macrophages_A","sample1"
"Cell1056","Ductal_CRISP3_high-centroacinar_like","sample1"
"Cell1057","Ductal_terminal_ductal_like","sample1"
"Cell1058","Cancer_clone_B","sample1"
"Cell1059","Ductal_CRISP3_high-centroacinar_like","sample1"
"Cell1060","Ductal_APOL1_high-hypoxic","sample1"
"Cell1061","Ductal_terminal_ductal_like","sample1"
"Cell1062","Ductal_APOL1_high-hypoxic","sample1"
"Cell1063","Ductal_CRISP3_high-centroacinar_like","sample1"
"Cell1064","Ductal_CRISP3_high-centroacinar_like","sample1"
"Cell1065","Monocytes","sample1"
"Cell1066","Ductal_CRISP3_high-centroacinar_like","sample1"
"Cell1067","Ductal_CRISP3_high-centroacinar_like","sample1"
"Cell1068","Ductal_MHC_Class_II","sample1"
"Cell1069","Ductal_terminal_ductal_like","sample1"
"Cell1070","Ductal_CRISP3_high-centroacinar_like","sample1"
"Cell1071","Ductal_CRISP3_high-centroacinar_like","sample1"
"Cell1072","Ductal_CRISP3_high-centroacinar_like","sample1"
"Cell1073","Monocytes","sample1"
"Cell1074","Ductal_terminal_ductal_like","sample1"
"Cell1075","Cancer_clone_A","sample1"
"Cell1076","Ductal_MHC_Class_II","sample1"
"Cell1077","RBCs","sample1"
"Cell1078","Acinar_cells","sample1"
"Cell1079","RBCs","sample1"
"Cell1080","Ductal_CRISP3_high-centroacinar_like","sample1"
"Cell1081","Ductal_CRISP3_high-centroacinar_like","sample1"
"Cell1082","Ductal_CRISP3_high-centroacinar_like","sample1"
"Cell1083","Cancer_clone_A","sample1"
"Cell1084","Ductal_MHC_Class_II","sample1"
"Cell1085","Ductal_CRISP3_high-centroacinar_like","sample1"
"Cell1086","Ductal_terminal_ductal_like","sample1"
"Cell1087","Ductal_terminal_ductal_like","sample1"
"Cell1088","Ductal_terminal_ductal_like","sample1"
"Cell1089","Ductal_CRISP3_high-centroacinar_like","sample1"
"Cell1090","Ductal_APOL1_high-hypoxic","sample1"
"Cell1091","Ductal_MHC_Class_II","sample1"
"Cell1092","Cancer_clone_B","sample1"
"Cell1093","Cancer_clone_B","sample1"
"Cell1094","Ductal_terminal_ductal_like","sample1"
"Cell1095","Ductal_MHC_Class_II","sample1"
"Cell1096","Ductal_CRISP3_high-centroacinar_like","sample1"
"Cell1097","Ductal_APOL1_high-hypoxic","sample1"
"Cell1098","Ductal_terminal_ductal_like","sample1"
"Cell1099","Ductal_terminal_ductal_like","sample1"
"Cell1100","Ductal_APOL1_high-hypoxic","sample1"
"Cell1101","Ductal_terminal_ductal_like","sample1"
"Cell1102","Ductal_terminal_ductal_like","sample1"
"Cell1103","Ductal_MHC_Class_II","sample1"
"Cell1104","Cancer_clone_A","sample1"
"Cell1105","Ductal_CRISP3_high-centroacinar_like","sample1"
"Cell1106","Ductal_CRISP3_high-centroacinar_like","sample1"
"Cell1107","Ductal_APOL1_high-hypoxic","sample1"
"Cell1108","Ductal_CRISP3_high-centroacinar_like","sample1"
"Cell1109","mDCs_B","sample1"
"Cell1110","Cancer_clone_A","sample1"
"Cell1111","mDCs_B","sample1"
"Cell1112","Cancer_clone_B","sample1"
"Cell1113","pDCs","sample1"
"Cell1114","Ductal_MHC_Class_II","sample1"
"Cell1115","Ductal_CRISP3_high-centroacinar_like","sample1"
"Cell1116","Ductal_terminal_ductal_like","sample1"
"Cell1117","Ductal_APOL1_high-hypoxic","sample1"
"Cell1118","Ductal_CRISP3_high-centroacinar_like","sample1"
"Cell1119","Ductal_terminal_ductal_like","sample1"
"Cell1120","Ductal_MHC_Class_II","sample1"
"Cell1121","Ductal_CRISP3_high-centroacinar_like","sample1"
"Cell1122","Ductal_APOL1_high-hypoxic","sample1"
"Cell1123","Ductal_MHC_Class_II","sample1"
"Cell1124","Ductal_MHC_Class_II","sample1"
"Cell1125","Ductal_MHC_Class_II","sample1"
"Cell1126","Ductal_CRISP3_high-centroacinar_like","sample1"
"Cell1127","Cancer_clone_A","sample1"
"Cell1128","Ductal_terminal_ductal_like","sample1"
"Cell1129","Ductal_APOL1_high-hypoxic","sample1"
"Cell1130","Ductal_terminal_ductal_like","sample1"
"Cell1131","Ductal_terminal_ductal_like","sample1"
"Cell1132","Cancer_clone_B","sample1"
"Cell1133","Ductal_CRISP3_high-centroacinar_like","sample1"
"Cell1134","Tuft_cells","sample1"
"Cell1135","Cancer_clone_A","sample1"
"Cell1136","Ductal_CRISP3_high-centroacinar_like","sample1"
"Cell1137","Ductal_terminal_ductal_like","sample1"
"Cell1138","Ductal_MHC_Class_II","sample1"
"Cell1139","Ductal_terminal_ductal_like","sample1"
"Cell1140","Cancer_clone_B","sample1"
"Cell1141","Acinar_cells","sample1"
"Cell1142","Cancer_clone_A","sample1"
"Cell1143","Ductal_CRISP3_high-centroacinar_like","sample1"
"Cell1144","Ductal_MHC_Class_II","sample1"
"Cell1145","Cancer_clone_A","sample1"
"Cell1146","Ductal_terminal_ductal_like","sample1"
"Cell1147","Ductal_APOL1_high-hypoxic","sample1"
"Cell1148","Cancer_clone_A","sample1"
"Cell1149","Cancer_clone_B","sample1"
"Cell1150","Ductal_terminal_ductal_like","sample1"
"Cell1151","Ductal_CRISP3_high-centroacinar_like","sample1"
"Cell1152","Ductal_CRISP3_high-centroacinar_like","sample1"
"Cell1153","mDCs_B","sample1"
"Cell1154","Ductal_APOL1_high-hypoxic","sample1"
"Cell1155","Cancer_clone_B","sample1"
"Cell1156","Cancer_clone_A","sample1"
"Cell1157","Ductal_CRISP3_high-centroacinar_like","sample1"
"Cell1158","Ductal_terminal_ductal_like","sample1"
"Cell1159","Ductal_terminal_ductal_like","sample1"
"Cell1160","Ductal_APOL1_high-hypoxic","sample1"
"Cell1161","Ductal_CRISP3_high-centroacinar_like","sample1"
"Cell1162","Ductal_APOL1_high-hypoxic","sample1"
"Cell1163","Ductal_CRISP3_high-centroacinar_like","sample1"
"Cell1164","Ductal_CRISP3_high-centroacinar_like","sample1"
"Cell1165","Cancer_clone_B","sample1"
"Cell1166","Ductal_APOL1_high-hypoxic","sample1"
"Cell1167","Ductal_CRISP3_high-centroacinar_like","sample1"
"Cell1168","Ductal_MHC_Class_II","sample1"
"Cell1169","Ductal_CRISP3_high-centroacinar_like","sample1"
"Cell1170","Ductal_MHC_Class_II","sample1"
"Cell1171","Ductal_terminal_ductal_like","sample1"
"Cell1172","Ductal_MHC_Class_II","sample1"
"Cell1173","Ductal_terminal_ductal_like","sample1"
"Cell1174","Ductal_APOL1_high-hypoxic","sample1"
"Cell1175","Ductal_MHC_Class_II","sample1"
"Cell1176","Cancer_clone_A","sample1"
"Cell1177","Ductal_terminal_ductal_like","sample1"
"Cell1178","Ductal_MHC_Class_II","sample1"
"Cell1179","Ductal_APOL1_high-hypoxic","sample1"
"Cell1180","Cancer_clone_B","sample1"
"Cell1181","Ductal_CRISP3_high-centroacinar_like","sample1"
"Cell1182","Ductal_MHC_Class_II","sample1"
"Cell1183","Ductal_terminal_ductal_like","sample1"
"Cell1184","Ductal_CRISP3_high-centroacinar_like","sample1"
"Cell1185","Ductal_MHC_Class_II","sample1"
"Cell1186","Ductal_terminal_ductal_like","sample1"
"Cell1187","Ductal_terminal_ductal_like","sample1"
"Cell1188","Ductal_MHC_Class_II","sample1"
"Cell1189","Ductal_MHC_Class_II","sample1"
"Cell1190","Ductal_MHC_Class_II","sample1"
"Cell1191","Ductal_MHC_Class_II","sample1"
"Cell1192","Ductal_terminal_ductal_like","sample1"
"Cell1193","Cancer_clone_B","sample1"
"Cell1194","Ductal_terminal_ductal_like","sample1"
"Cell1195","Ductal_APOL1_high-hypoxic","sample1"
"Cell1196","Ductal_terminal_ductal_like","sample1"
"Cell1197","Ductal_CRISP3_high-centroacinar_like","sample1"
"Cell1198","Ductal_MHC_Class_II","sample1"
"Cell1199","Ductal_APOL1_high-hypoxic","sample1"
"Cell1200","Cancer_clone_B","sample1"
"Cell1201","Ductal_APOL1_high-hypoxic","sample1"
"Cell1202","Ductal_MHC_Class_II","sample1"
"Cell1203","Ductal_terminal_ductal_like","sample1"
"Cell1204","Ductal_terminal_ductal_like","sample1"
"Cell1205","Ductal_MHC_Class_II","sample1"
"Cell1206","Cancer_clone_A","sample1"
"Cell1207","Ductal_CRISP3_high-centroacinar_like","sample1"
"Cell1208","Ductal_CRISP3_high-centroacinar_like","sample1"
"Cell1209","Ductal_CRISP3_high-centroacinar_like","sample1"
"Cell1210","Ductal_APOL1_high-hypoxic","sample1"
"Cell1211","Ductal_CRISP3_high-centroacinar_like","sample1"
"Cell1212","Ductal_CRISP3_high-centroacinar_like","sample1"
"Cell1213","Ductal_APOL1_high-hypoxic","sample1"
"Cell1214","Ductal_CRISP3_high-centroacinar_like","sample1"
"Cell1215","Ductal_APOL1_high-hypoxic","sample1"
"Cell1216","Ductal_terminal_ductal_like","sample1"
"Cell1217","Ductal_CRISP3_high-centroacinar_like","sample1"
"Cell1218","Ductal_MHC_Class_II","sample1"
"Cell1219","Ductal_CRISP3_high-centroacinar_like","sample1"
"Cell1220","Monocytes","sample1"
"Cell1221","Ductal_APOL1_high-hypoxic","sample1"
"Cell1222","Cancer_clone_B","sample1"
"Cell1223","Ductal_CRISP3_high-centroacinar_like","sample1"
"Cell1224","Tuft_cells","sample1"
"Cell1225","Macrophages_A","sample1"
"Cell1226","Ductal_terminal_ductal_like","sample1"
"Cell1227","Ductal_CRISP3_high-centroacinar_like","sample1"
"Cell1228","Macrophages_B","sample1"
"Cell1229","T_cells_&_NK_cells","sample1"
"Cell1230","Ductal_terminal_ductal_like","sample1"
"Cell1231","Ductal_CRISP3_high-centroacinar_like","sample1"
"Cell1232","Cancer_clone_B","sample1"
"Cell1233","Ductal_CRISP3_high-centroacinar_like","sample1"
"Cell1234","Ductal_terminal_ductal_like","sample1"
"Cell1235","Ductal_CRISP3_high-centroacinar_like","sample1"
"Cell1236","Ductal_MHC_Class_II","sample1"
"Cell1237","Ductal_CRISP3_high-centroacinar_like","sample1"
"Cell1238","Cancer_clone_B","sample1"
"Cell1239","Ductal_MHC_Class_II","sample1"
"Cell1240","Cancer_clone_B","sample1"
"Cell1241","Ductal_CRISP3_high-centroacinar_like","sample1"
"Cell1242","Tuft_cells","sample1"
"Cell1243","Ductal_terminal_ductal_like","sample1"
"Cell1244","Endothelial_cells","sample1"
"Cell1245","Ductal_terminal_ductal_like","sample1"
"Cell1246","Ductal_APOL1_high-hypoxic","sample1"
"Cell1247","Ductal_terminal_ductal_like","sample1"
"Cell1248","Ductal_terminal_ductal_like","sample1"
"Cell1249","Ductal_CRISP3_high-centroacinar_like","sample1"
"Cell1250","Ductal_APOL1_high-hypoxic","sample1"
"Cell1251","Ductal_terminal_ductal_like","sample1"
"Cell1252","Ductal_MHC_Class_II","sample1"
"Cell1253","Ductal_CRISP3_high-centroacinar_like","sample1"
"Cell1254","Ductal_APOL1_high-hypoxic","sample1"
"Cell1255","Ductal_MHC_Class_II","sample1"
"Cell1256","Ductal_terminal_ductal_like","sample1"
"Cell1257","Ductal_APOL1_high-hypoxic","sample1"
"Cell1258","mDCs_B","sample1"
"Cell1259","Ductal_APOL1_high-hypoxic","sample1"
"Cell1260","Ductal_CRISP3_high-centroacinar_like","sample1"
"Cell1261","Ductal_CRISP3_high-centroacinar_like","sample1"
"Cell1262","Ductal_terminal_ductal_like","sample1"
"Cell1263","Ductal_MHC_Class_II","sample1"
"Cell1264","Cancer_clone_B","sample1"
"Cell1265","Cancer_clone_B","sample1"
"Cell1266","Cancer_clone_B","sample1"
"Cell1267","Ductal_terminal_ductal_like","sample1"
"Cell1268","Ductal_MHC_Class_II","sample1"
"Cell1269","Ductal_terminal_ductal_like","sample1"
"Cell1270","Ductal_CRISP3_high-centroacinar_like","sample1"
"Cell1271","Macrophages_B","sample1"
"Cell1272","Ductal_CRISP3_high-centroacinar_like","sample1"
"Cell1273","Ductal_CRISP3_high-centroacinar_like","sample1"
"Cell1274","Cancer_clone_A","sample1"
"Cell1275","Cancer_clone_A","sample1"
"Cell1276","Ductal_CRISP3_high-centroacinar_like","sample1"
"Cell1277","Ductal_MHC_Class_II","sample1"
"Cell1278","Ductal_CRISP3_high-centroacinar_like","sample1"
"Cell1279","Ductal_CRISP3_high-centroacinar_like","sample1"
"Cell1280","Ductal_CRISP3_high-centroacinar_like","sample1"
"Cell1281","Ductal_MHC_Class_II","sample1"
"Cell1282","Ductal_CRISP3_high-centroacinar_like","sample1"
"Cell1283","Cancer_clone_B","sample1"
"Cell1284","Tuft_cells","sample1"
"Cell1285","Ductal_MHC_Class_II","sample1"
"Cell1286","Cancer_clone_A","sample1"
"Cell1287","Ductal_terminal_ductal_like","sample1"
"Cell1288","Ductal_MHC_Class_II","sample1"
"Cell1289","Ductal_CRISP3_high-centroacinar_like","sample1"
"Cell1290","Ductal_terminal_ductal_like","sample1"
"Cell1291","Ductal_terminal_ductal_like","sample1"
"Cell1292","Ductal_CRISP3_high-centroacinar_like","sample1"
"Cell1293","Ductal_APOL1_high-hypoxic","sample1"
"Cell1294","Ductal_CRISP3_high-centroacinar_like","sample1"
"Cell1295","Ductal_terminal_ductal_like","sample1"
"Cell1296","Cancer_clone_B","sample1"
"Cell1297","Ductal_terminal_ductal_like","sample1"
"Cell1298","Ductal_CRISP3_high-centroacinar_like","sample1"
"Cell1299","Cancer_clone_A","sample1"
"Cell1300","Ductal_CRISP3_high-centroacinar_like","sample1"
"Cell1301","Ductal_MHC_Class_II","sample1"
"Cell1302","T_cells_&_NK_cells","sample1"
"Cell1303","Ductal_CRISP3_high-centroacinar_like","sample1"
"Cell1304","Ductal_CRISP3_high-centroacinar_like","sample1"
"Cell1305","T_cells_&_NK_cells","sample1"
"Cell1306","Cancer_clone_B","sample1"
"Cell1307","Macrophages_B","sample1"
"Cell1308","Ductal_CRISP3_high-centroacinar_like","sample1"
"Cell1309","Cancer_clone_B","sample1"
"Cell1310","Cancer_clone_B","sample1"
"Cell1311","Ductal_CRISP3_high-centroacinar_like","sample1"
"Cell1312","Ductal_APOL1_high-hypoxic","sample1"
"Cell1313","Tuft_cells","sample1"
"Cell1314","Ductal_CRISP3_high-centroacinar_like","sample1"
"Cell1315","Ductal_CRISP3_high-centroacinar_like","sample1"
"Cell1316","mDCs_B","sample1"
"Cell1317","Ductal_APOL1_high-hypoxic","sample1"
"Cell1318","Ductal_MHC_Class_II","sample1"
"Cell1319","T_cells_&_NK_cells","sample1"
"Cell1320","Ductal_terminal_ductal_like","sample1"
"Cell1321","Ductal_CRISP3_high-centroacinar_like","sample1"
"Cell1322","Ductal_CRISP3_high-centroacinar_like","sample1"
"Cell1323","Ductal_terminal_ductal_like","sample1"
"Cell1324","Cancer_clone_B","sample1"
"Cell1325","Cancer_clone_A","sample1"
"Cell1326","Ductal_CRISP3_high-centroacinar_like","sample1"
"Cell1327","Cancer_clone_A","sample1"
"Cell1328","Ductal_APOL1_high-hypoxic","sample1"
"Cell1329","Ductal_CRISP3_high-centroacinar_like","sample1"
"Cell1330","Ductal_CRISP3_high-centroacinar_like","sample1"
"Cell1331","Cancer_clone_B","sample1"
"Cell1332","Ductal_terminal_ductal_like","sample1"
"Cell1333","Cancer_clone_B","sample1"
"Cell1334","Cancer_clone_A","sample1"
"Cell1335","Ductal_CRISP3_high-centroacinar_like","sample1"
"Cell1336","Tuft_cells","sample1"
"Cell1337","Ductal_MHC_Class_II","sample1"
"Cell1338","Cancer_clone_B","sample1"
"Cell1339","Ductal_terminal_ductal_like","sample1"
"Cell1340","Cancer_clone_B","sample1"
"Cell1341","Cancer_clone_A","sample1"
"Cell1342","Ductal_MHC_Class_II","sample1"
"Cell1343","Ductal_MHC_Class_II","sample1"
"Cell1344","Ductal_MHC_Class_II","sample1"
"Cell1345","Cancer_clone_B","sample1"
"Cell1346","Ductal_terminal_ductal_like","sample1"
"Cell1347","Ductal_APOL1_high-hypoxic","sample1"
"Cell1348","Ductal_CRISP3_high-centroacinar_like","sample1"
"Cell1349","Macrophages_B","sample1"
"Cell1350","Cancer_clone_A","sample1"
"Cell1351","Ductal_MHC_Class_II","sample1"
"Cell1352","Cancer_clone_B","sample1"
"Cell1353","Ductal_terminal_ductal_like","sample1"
"Cell1354","Ductal_terminal_ductal_like","sample1"
"Cell1355","Monocytes","sample1"
"Cell1356","Tuft_cells","sample1"
"Cell1357","pDCs","sample1"
"Cell1358","Ductal_MHC_Class_II","sample1"
"Cell1359","Cancer_clone_B","sample1"
"Cell1360","mDCs_B","sample1"
"Cell1361","Cancer_clone_A","sample1"
"Cell1362","Ductal_APOL1_high-hypoxic","sample1"
"Cell1363","Ductal_APOL1_high-hypoxic","sample1"
"Cell1364","Ductal_APOL1_high-hypoxic","sample1"
"Cell1365","Ductal_APOL1_high-hypoxic","sample1"
"Cell1366","RBCs","sample1"
"Cell1367","Ductal_APOL1_high-hypoxic","sample1"
"Cell1368","Ductal_CRISP3_high-centroacinar_like","sample1"
"Cell1369","Ductal_CRISP3_high-centroacinar_like","sample1"
"Cell1370","RBCs","sample1"
"Cell1371","RBCs","sample1"
"Cell1372","Ductal_terminal_ductal_like","sample1"
"Cell1373","Ductal_terminal_ductal_like","sample1"
"Cell1374","Ductal_CRISP3_high-centroacinar_like","sample1"
"Cell1375","Ductal_terminal_ductal_like","sample1"
"Cell1376","Cancer_clone_B","sample1"
"Cell1377","Ductal_terminal_ductal_like","sample1"
"Cell1378","Acinar_cells","sample1"
"Cell1379","Ductal_APOL1_high-hypoxic","sample1"
"Cell1380","Cancer_clone_A","sample1"
"Cell1381","Ductal_MHC_Class_II","sample1"
"Cell1382","Ductal_MHC_Class_II","sample1"
"Cell1383","Ductal_CRISP3_high-centroacinar_like","sample1"
"Cell1384","Cancer_clone_B","sample1"
"Cell1385","Ductal_terminal_ductal_like","sample1"
"Cell1386","Ductal_CRISP3_high-centroacinar_like","sample1"
"Cell1387","Ductal_MHC_Class_II","sample1"
"Cell1388","Ductal_terminal_ductal_like","sample1"
"Cell1389","Ductal_APOL1_high-hypoxic","sample1"
"Cell1390","Ductal_terminal_ductal_like","sample1"
"Cell1391","Cancer_clone_B","sample1"
"Cell1392","Ductal_MHC_Class_II","sample1"
"Cell1393","Cancer_clone_A","sample1"
"Cell1394","Cancer_clone_A","sample1"
"Cell1395","Cancer_clone_A","sample1"
"Cell1396","Ductal_CRISP3_high-centroacinar_like","sample1"
"Cell1397","Cancer_clone_A","sample1"
"Cell1398","Ductal_CRISP3_high-centroacinar_like","sample1"
"Cell1399","Ductal_MHC_Class_II","sample1"
"Cell1400","Ductal_CRISP3_high-centroacinar_like","sample1"
"Cell1401","Ductal_terminal_ductal_like","sample1"
"Cell1402","Cancer_clone_B","sample1"
"Cell1403","Ductal_CRISP3_high-centroacinar_like","sample1"
"Cell1404","Ductal_terminal_ductal_like","sample1"
"Cell1405","Ductal_CRISP3_high-centroacinar_like","sample1"
"Cell1406","Ductal_CRISP3_high-centroacinar_like","sample1"
"Cell1407","Ductal_CRISP3_high-centroacinar_like","sample1"
"Cell1408","Ductal_terminal_ductal_like","sample1"
"Cell1409","Ductal_CRISP3_high-centroacinar_like","sample1"
"Cell1410","Cancer_clone_B","sample1"
"Cell1411","Ductal_terminal_ductal_like","sample1"
"Cell1412","Ductal_CRISP3_high-centroacinar_like","sample1"
"Cell1413","Ductal_CRISP3_high-centroacinar_like","sample1"
"Cell1414","Ductal_terminal_ductal_like","sample1"
"Cell1415","Ductal_MHC_Class_II","sample1"
"Cell1416","Ductal_APOL1_high-hypoxic","sample1"
"Cell1417","Ductal_MHC_Class_II","sample1"
"Cell1418","Ductal_terminal_ductal_like","sample1"
"Cell1419","Cancer_clone_A","sample1"
"Cell1420","Ductal_CRISP3_high-centroacinar_like","sample1"
"Cell1421","Ductal_CRISP3_high-centroacinar_like","sample1"
"Cell1422","Ductal_terminal_ductal_like","sample1"
"Cell1423","Ductal_CRISP3_high-centroacinar_like","sample1"
"Cell1424","Cancer_clone_B","sample1"
"Cell1425","Ductal_terminal_ductal_like","sample1"
"Cell1426","mDCs_A","sample1"
"Cell1427","Ductal_MHC_Class_II","sample1"
"Cell1428","Ductal_CRISP3_high-centroacinar_like","sample1"
"Cell1429","Ductal_terminal_ductal_like","sample1"
"Cell1430","Ductal_terminal_ductal_like","sample1"
"Cell1431","Ductal_MHC_Class_II","sample1"
"Cell1432","mDCs_B","sample1"
"Cell1433","Cancer_clone_B","sample1"
"Cell1434","Ductal_terminal_ductal_like","sample1"
"Cell1435","Ductal_CRISP3_high-centroacinar_like","sample1"
"Cell1436","Ductal_CRISP3_high-centroacinar_like","sample1"
"Cell1437","Acinar_cells","sample1"
"Cell1438","Ductal_CRISP3_high-centroacinar_like","sample1"
"Cell1439","Endothelial_cells","sample1"
"Cell1440","Ductal_CRISP3_high-centroacinar_like","sample1"
"Cell1441","Ductal_APOL1_high-hypoxic","sample1"
"Cell1442","Cancer_clone_B","sample1"
"Cell1443","Ductal_terminal_ductal_like","sample1"
"Cell1444","Ductal_CRISP3_high-centroacinar_like","sample1"
"Cell1445","mDCs_B","sample1"
"Cell1446","Ductal_CRISP3_high-centroacinar_like","sample1"
"Cell1447","Ductal_terminal_ductal_like","sample1"
"Cell1448","Ductal_terminal_ductal_like","sample1"
"Cell1449","Ductal_CRISP3_high-centroacinar_like","sample1"
"Cell1450","RBCs","sample1"
"Cell1451","Ductal_CRISP3_high-centroacinar_like","sample1"
"Cell1452","Ductal_CRISP3_high-centroacinar_like","sample1"
"Cell1453","Ductal_terminal_ductal_like","sample1"
"Cell1454","Ductal_APOL1_high-hypoxic","sample1"
"Cell1455","Ductal_CRISP3_high-centroacinar_like","sample1"
"Cell1456","Cancer_clone_B","sample1"
"Cell1457","Cancer_clone_B","sample1"
"Cell1458","Ductal_terminal_ductal_like","sample1"
"Cell1459","Ductal_CRISP3_high-centroacinar_like","sample1"
"Cell1460","Ductal_CRISP3_high-centroacinar_like","sample1"
"Cell1461","Ductal_MHC_Class_II","sample1"
"Cell1462","Ductal_CRISP3_high-centroacinar_like","sample1"
"Cell1463","Ductal_MHC_Class_II","sample1"
"Cell1464","Cancer_clone_B","sample1"
"Cell1465","Mast_cells","sample1"
"Cell1466","Ductal_terminal_ductal_like","sample1"
"Cell1467","Ductal_CRISP3_high-centroacinar_like","sample1"
"Cell1468","Ductal_terminal_ductal_like","sample1"
"Cell1469","Ductal_APOL1_high-hypoxic","sample1"
"Cell1470","Cancer_clone_A","sample1"
"Cell1471","Ductal_terminal_ductal_like","sample1"
"Cell1472","mDCs_B","sample1"
"Cell1473","Endothelial_cells","sample1"
"Cell1474","Cancer_clone_B","sample1"
"Cell1475","mDCs_B","sample1"
"Cell1476","Ductal_APOL1_high-hypoxic","sample1"
"Cell1477","Ductal_CRISP3_high-centroacinar_like","sample1"
"Cell1478","Ductal_terminal_ductal_like","sample1"
"Cell1479","Ductal_CRISP3_high-centroacinar_like","sample1"
"Cell1480","Ductal_CRISP3_high-centroacinar_like","sample1"
"Cell1481","Ductal_terminal_ductal_like","sample1"
"Cell1482","Ductal_terminal_ductal_like","sample1"
"Cell1483","Ductal_MHC_Class_II","sample1"
"Cell1484","Ductal_terminal_ductal_like","sample1"
"Cell1485","Mast_cells","sample1"
"Cell1486","Ductal_CRISP3_high-centroacinar_like","sample1"
"Cell1487","Ductal_terminal_ductal_like","sample1"
"Cell1488","Ductal_MHC_Class_II","sample1"
"Cell1489","Ductal_CRISP3_high-centroacinar_like","sample1"
"Cell1490","Ductal_CRISP3_high-centroacinar_like","sample1"
"Cell1491","Ductal_CRISP3_high-centroacinar_like","sample1"
"Cell1492","Ductal_terminal_ductal_like","sample1"
"Cell1493","Ductal_MHC_Class_II","sample1"
"Cell1494","Ductal_APOL1_high-hypoxic","sample1"
"Cell1495","Ductal_CRISP3_high-centroacinar_like","sample1"
"Cell1496","Ductal_CRISP3_high-centroacinar_like","sample1"
"Cell1497","Cancer_clone_A","sample1"
"Cell1498","Ductal_APOL1_high-hypoxic","sample1"
"Cell1499","Ductal_CRISP3_high-centroacinar_like","sample1"
"Cell1500","Ductal_CRISP3_high-centroacinar_like","sample1"
"Cell1501","Cancer_clone_A","sample1"
"Cell1502","Cancer_clone_B","sample1"
"Cell1503","Ductal_terminal_ductal_like","sample1"
"Cell1504","Ductal_terminal_ductal_like","sample1"
"Cell1505","Ductal_MHC_Class_II","sample1"
"Cell1506","Ductal_APOL1_high-hypoxic","sample1"
"Cell1507","Ductal_terminal_ductal_like","sample1"
"Cell1508","Ductal_terminal_ductal_like","sample1"
"Cell1509","Ductal_CRISP3_high-centroacinar_like","sample1"
"Cell1510","Ductal_terminal_ductal_like","sample1"
"Cell1511","Cancer_clone_B","sample1"
"Cell1512","mDCs_B","sample1"
"Cell1513","Acinar_cells","sample1"
"Cell1514","Ductal_CRISP3_high-centroacinar_like","sample1"
"Cell1515","Ductal_terminal_ductal_like","sample1"
"Cell1516","Cancer_clone_B","sample1"
"Cell1517","Ductal_MHC_Class_II","sample1"
"Cell1518","Ductal_APOL1_high-hypoxic","sample1"
"Cell1519","Ductal_MHC_Class_II","sample1"
"Cell1520","Ductal_CRISP3_high-centroacinar_like","sample1"
"Cell1521","Ductal_MHC_Class_II","sample1"
"Cell1522","Ductal_MHC_Class_II","sample1"
"Cell1523","Ductal_CRISP3_high-centroacinar_like","sample1"
"Cell1524","Ductal_MHC_Class_II","sample1"
"Cell1525","Ductal_CRISP3_high-centroacinar_like","sample1"
"Cell1526","Ductal_CRISP3_high-centroacinar_like","sample1"
"Cell1527","Ductal_MHC_Class_II","sample1"
"Cell1528","mDCs_B","sample1"
"Cell1529","Ductal_terminal_ductal_like","sample1"
"Cell1530","Ductal_terminal_ductal_like","sample1"
"Cell1531","Fibroblasts","sample1"
"Cell1532","Ductal_terminal_ductal_like","sample1"
"Cell1533","Ductal_terminal_ductal_like","sample1"
"Cell1534","Ductal_MHC_Class_II","sample1"
"Cell1535","Cancer_clone_B","sample1"
"Cell1536","Ductal_CRISP3_high-centroacinar_like","sample1"
"Cell1537","Ductal_APOL1_high-hypoxic","sample1"
"Cell1538","T_cells_&_NK_cells","sample1"
"Cell1539","Ductal_CRISP3_high-centroacinar_like","sample1"
"Cell1540","Ductal_terminal_ductal_like","sample1"
"Cell1541","Ductal_CRISP3_high-centroacinar_like","sample1"
"Cell1542","Ductal_MHC_Class_II","sample1"
"Cell1543","Ductal_APOL1_high-hypoxic","sample1"
"Cell1544","Ductal_terminal_ductal_like","sample1"
"Cell1545","Ductal_terminal_ductal_like","sample1"
"Cell1546","Ductal_APOL1_high-hypoxic","sample1"
"Cell1547","Ductal_CRISP3_high-centroacinar_like","sample1"
"Cell1548","Ductal_MHC_Class_II","sample1"
"Cell1549","Ductal_terminal_ductal_like","sample1"
"Cell1550","Cancer_clone_B","sample1"
"Cell1551","Ductal_CRISP3_high-centroacinar_like","sample1"
"Cell1552","Ductal_APOL1_high-hypoxic","sample1"
"Cell1553","Ductal_CRISP3_high-centroacinar_like","sample1"
"Cell1554","Ductal_terminal_ductal_like","sample1"
"Cell1555","Ductal_CRISP3_high-centroacinar_like","sample1"
"Cell1556","Ductal_MHC_Class_II","sample1"
"Cell1557","Ductal_terminal_ductal_like","sample1"
"Cell1558","Ductal_CRISP3_high-centroacinar_like","sample1"
"Cell1559","Ductal_APOL1_high-hypoxic","sample1"
"Cell1560","Ductal_CRISP3_high-centroacinar_like","sample1"
"Cell1561","Ductal_MHC_Class_II","sample1"
"Cell1562","Ductal_CRISP3_high-centroacinar_like","sample1"
"Cell1563","Mast_cells","sample1"
"Cell1564","Cancer_clone_B","sample1"
"Cell1565","Ductal_APOL1_high-hypoxic","sample1"
"Cell1566","Ductal_MHC_Class_II","sample1"
"Cell1567","Ductal_terminal_ductal_like","sample1"
"Cell1568","Ductal_APOL1_high-hypoxic","sample1"
"Cell1569","Cancer_clone_A","sample1"
"Cell1570","Cancer_clone_A","sample1"
"Cell1571","Ductal_CRISP3_high-centroacinar_like","sample1"
"Cell1572","Ductal_CRISP3_high-centroacinar_like","sample1"
"Cell1573","Ductal_MHC_Class_II","sample1"
"Cell1574","Ductal_MHC_Class_II","sample1"
"Cell1575","Tuft_cells","sample1"
"Cell1576","Ductal_terminal_ductal_like","sample1"
"Cell1577","Cancer_clone_A","sample1"
"Cell1578","Ductal_MHC_Class_II","sample1"
"Cell1579","Cancer_clone_B","sample1"
"Cell1580","Cancer_clone_B","sample1"
"Cell1581","Ductal_APOL1_high-hypoxic","sample1"
"Cell1582","T_cells_&_NK_cells","sample1"
"Cell1583","Ductal_CRISP3_high-centroacinar_like","sample1"
"Cell1584","Ductal_terminal_ductal_like","sample1"
"Cell1585","Cancer_clone_A","sample1"
"Cell1586","Mast_cells","sample1"
"Cell1587","Ductal_APOL1_high-hypoxic","sample1"
"Cell1588","Ductal_APOL1_high-hypoxic","sample1"
"Cell1589","Ductal_MHC_Class_II","sample1"
"Cell1590","Ductal_terminal_ductal_like","sample1"
"Cell1591","Macrophages_A","sample1"
"Cell1592","Ductal_CRISP3_high-centroacinar_like","sample1"
"Cell1593","Ductal_MHC_Class_II","sample1"
"Cell1594","Ductal_APOL1_high-hypoxic","sample1"
"Cell1595","Ductal_APOL1_high-hypoxic","sample1"
"Cell1596","Ductal_terminal_ductal_like","sample1"
"Cell1597","Ductal_CRISP3_high-centroacinar_like","sample1"
"Cell1598","Cancer_clone_B","sample1"
"Cell1599","Endothelial_cells","sample1"
"Cell1600","Cancer_clone_A","sample1"
"Cell1601","Ductal_MHC_Class_II","sample1"
"Cell1602","Ductal_CRISP3_high-centroacinar_like","sample1"
"Cell1603","Tuft_cells","sample1"
"Cell1604","Tuft_cells","sample1"
"Cell1605","Ductal_CRISP3_high-centroacinar_like","sample1"
"Cell1606","Monocytes","sample1"
"Cell1607","Ductal_MHC_Class_II","sample1"
"Cell1608","Cancer_clone_B","sample1"
"Cell1609","Ductal_CRISP3_high-centroacinar_like","sample1"
"Cell1610","Ductal_terminal_ductal_like","sample1"
"Cell1611","Cancer_clone_B","sample1"
"Cell1612","mDCs_B","sample1"
"Cell1613","Acinar_cells","sample1"
"Cell1614","Ductal_CRISP3_high-centroacinar_like","sample1"
"Cell1615","pDCs","sample1"
"Cell1616","Ductal_terminal_ductal_like","sample1"
"Cell1617","Ductal_CRISP3_high-centroacinar_like","sample1"
"Cell1618","Ductal_MHC_Class_II","sample1"
"Cell1619","Cancer_clone_A","sample1"
"Cell1620","Ductal_CRISP3_high-centroacinar_like","sample1"
"Cell1621","Ductal_terminal_ductal_like","sample1"
"Cell1622","Ductal_terminal_ductal_like","sample1"
"Cell1623","Ductal_CRISP3_high-centroacinar_like","sample1"
"Cell1624","Ductal_CRISP3_high-centroacinar_like","sample1"
"Cell1625","Ductal_APOL1_high-hypoxic","sample1"
"Cell1626","Ductal_APOL1_high-hypoxic","sample1"
"Cell1627","Ductal_MHC_Class_II","sample1"
"Cell1628","Ductal_CRISP3_high-centroacinar_like","sample1"
"Cell1629","Cancer_clone_A","sample1"
"Cell1630","Ductal_APOL1_high-hypoxic","sample1"
"Cell1631","Ductal_CRISP3_high-centroacinar_like","sample1"
"Cell1632","Ductal_APOL1_high-hypoxic","sample1"
"Cell1633","Ductal_terminal_ductal_like","sample1"
"Cell1634","Ductal_CRISP3_high-centroacinar_like","sample1"
"Cell1635","Ductal_CRISP3_high-centroacinar_like","sample1"
"Cell1636","Acinar_cells","sample1"
"Cell1637","Ductal_APOL1_high-hypoxic","sample1"
"Cell1638","Ductal_CRISP3_high-centroacinar_like","sample1"
"Cell1639","Ductal_MHC_Class_II","sample1"
"Cell1640","Cancer_clone_B","sample1"
"Cell1641","Monocytes","sample1"
"Cell1642","T_cells_&_NK_cells","sample1"
"Cell1643","Monocytes","sample1"
"Cell1644","Cancer_clone_B","sample1"
"Cell1645","Ductal_APOL1_high-hypoxic","sample1"
"Cell1646","T_cells_&_NK_cells","sample1"
"Cell1647","Macrophages_A","sample1"
"Cell1648","Ductal_terminal_ductal_like","sample1"
"Cell1649","Ductal_terminal_ductal_like","sample1"
"Cell1650","Ductal_CRISP3_high-centroacinar_like","sample1"
"Cell1651","Ductal_terminal_ductal_like","sample1"
"Cell1652","Tuft_cells","sample1"
"Cell1653","Ductal_terminal_ductal_like","sample1"
"Cell1654","Ductal_CRISP3_high-centroacinar_like","sample1"
"Cell1655","mDCs_B","sample1"
"Cell1656","Ductal_CRISP3_high-centroacinar_like","sample1"
"Cell1657","pDCs","sample1"
"Cell1658","RBCs","sample1"
"Cell1659","Ductal_MHC_Class_II","sample1"
"Cell1660","RBCs","sample1"
"Cell1661","Ductal_MHC_Class_II","sample1"
"Cell1662","Acinar_cells","sample1"
"Cell1663","Ductal_CRISP3_high-centroacinar_like","sample1"
"Cell1664","Ductal_APOL1_high-hypoxic","sample1"
"Cell1665","Ductal_CRISP3_high-centroacinar_like","sample1"
"Cell1666","Ductal_CRISP3_high-centroacinar_like","sample1"
"Cell1667","Macrophages_A","sample1"
"Cell1668","Ductal_MHC_Class_II","sample1"
"Cell1669","Cancer_clone_A","sample1"
"Cell1670","Cancer_clone_A","sample1"
"Cell1671","Cancer_clone_A","sample1"
"Cell1672","Ductal_CRISP3_high-centroacinar_like","sample1"
"Cell1673","Ductal_CRISP3_high-centroacinar_like","sample1"
"Cell1674","Ductal_APOL1_high-hypoxic","sample1"
"Cell1675","Ductal_terminal_ductal_like","sample1"
"Cell1676","Ductal_terminal_ductal_like","sample1"
"Cell1677","Ductal_CRISP3_high-centroacinar_like","sample1"
"Cell1678","Tuft_cells","sample1"
"Cell1679","Ductal_CRISP3_high-centroacinar_like","sample1"
"Cell1680","Ductal_APOL1_high-hypoxic","sample1"
"Cell1681","Ductal_CRISP3_high-centroacinar_like","sample1"
"Cell1682","Ductal_MHC_Class_II","sample1"
"Cell1683","Ductal_CRISP3_high-centroacinar_like","sample1"
"Cell1684","Cancer_clone_A","sample1"
"Cell1685","Mast_cells","sample1"
"Cell1686","Ductal_terminal_ductal_like","sample1"
"Cell1687","Ductal_MHC_Class_II","sample1"
"Cell1688","Ductal_CRISP3_high-centroacinar_like","sample1"
"Cell1689","Ductal_CRISP3_high-centroacinar_like","sample1"
"Cell1690","Cancer_clone_A","sample1"
"Cell1691","Ductal_CRISP3_high-centroacinar_like","sample1"
"Cell1692","Ductal_terminal_ductal_like","sample1"
"Cell1693","Ductal_CRISP3_high-centroacinar_like","sample1"
"Cell1694","Ductal_CRISP3_high-centroacinar_like","sample1"
"Cell1695","Ductal_terminal_ductal_like","sample1"
"Cell1696","Ductal_MHC_Class_II","sample1"
"Cell1697","Ductal_MHC_Class_II","sample1"
"Cell1698","Ductal_MHC_Class_II","sample1"
"Cell1699","Ductal_CRISP3_high-centroacinar_like","sample1"
"Cell1700","Ductal_APOL1_high-hypoxic","sample1"
"Cell1701","Ductal_CRISP3_high-centroacinar_like","sample1"
"Cell1702","Cancer_clone_B","sample1"
"Cell1703","Ductal_terminal_ductal_like","sample1"
"Cell1704","Cancer_clone_B","sample1"
"Cell1705","Ductal_CRISP3_high-centroacinar_like","sample1"
"Cell1706","mDCs_A","sample1"
"Cell1707","Fibroblasts","sample1"
"Cell1708","Ductal_MHC_Class_II","sample1"
"Cell1709","Ductal_APOL1_high-hypoxic","sample1"
"Cell1710","Ductal_CRISP3_high-centroacinar_like","sample1"
"Cell1711","Cancer_clone_A","sample1"
"Cell1712","Ductal_MHC_Class_II","sample1"
"Cell1713","Ductal_CRISP3_high-centroacinar_like","sample1"
"Cell1714","Ductal_CRISP3_high-centroacinar_like","sample1"
"Cell1715","Ductal_CRISP3_high-centroacinar_like","sample1"
"Cell1716","Ductal_terminal_ductal_like","sample1"
"Cell1717","Ductal_terminal_ductal_like","sample1"
"Cell1718","Ductal_terminal_ductal_like","sample1"
"Cell1719","Cancer_clone_A","sample1"
"Cell1720","Ductal_MHC_Class_II","sample1"
"Cell1721","Ductal_terminal_ductal_like","sample1"
"Cell1722","Ductal_MHC_Class_II","sample1"
"Cell1723","Cancer_clone_B","sample1"
"Cell1724","Ductal_CRISP3_high-centroacinar_like","sample1"
"Cell1725","Cancer_clone_B","sample1"
"Cell1726","Cancer_clone_B","sample1"
"Cell1727","Ductal_CRISP3_high-centroacinar_like","sample1"
"Cell1728","Cancer_clone_A","sample1"
"Cell1729","Ductal_terminal_ductal_like","sample1"
"Cell1730","Cancer_clone_B","sample1"
"Cell1731","Ductal_APOL1_high-hypoxic","sample1"
"Cell1732","Ductal_terminal_ductal_like","sample1"
"Cell1733","Ductal_CRISP3_high-centroacinar_like","sample1"
"Cell1734","Macrophages_A","sample1"
"Cell1735","Ductal_CRISP3_high-centroacinar_like","sample1"
"Cell1736","Ductal_APOL1_high-hypoxic","sample1"
"Cell1737","Ductal_terminal_ductal_like","sample1"
"Cell1738","Ductal_terminal_ductal_like","sample1"
"Cell1739","Ductal_MHC_Class_II","sample1"
"Cell1740","Ductal_MHC_Class_II","sample1"
"Cell1741","Ductal_terminal_ductal_like","sample1"
"Cell1742","Ductal_MHC_Class_II","sample1"
"Cell1743","Cancer_clone_B","sample1"
"Cell1744","Ductal_terminal_ductal_like","sample1"
"Cell1745","Endothelial_cells","sample1"
"Cell1746","Endothelial_cells","sample1"
"Cell1747","Ductal_CRISP3_high-centroacinar_like","sample1"
"Cell1748","Ductal_CRISP3_high-centroacinar_like","sample1"
"Cell1749","Ductal_MHC_Class_II","sample1"
"Cell1750","Cancer_clone_B","sample1"
"Cell1751","Ductal_MHC_Class_II","sample1"
"Cell1752","Ductal_MHC_Class_II","sample1"
"Cell1753","Ductal_APOL1_high-hypoxic","sample1"
"Cell1754","Ductal_CRISP3_high-centroacinar_like","sample1"
"Cell1755","Ductal_terminal_ductal_like","sample1"
"Cell1756","Ductal_CRISP3_high-centroacinar_like","sample1"
"Cell1757","Ductal_CRISP3_high-centroacinar_like","sample1"
"Cell1758","Ductal_terminal_ductal_like","sample1"
"Cell1759","Ductal_APOL1_high-hypoxic","sample1"
"Cell1760","Ductal_CRISP3_high-centroacinar_like","sample1"
"Cell1761","Ductal_APOL1_high-hypoxic","sample1"
"Cell1762","Ductal_MHC_Class_II","sample1"
"Cell1763","mDCs_A","sample1"
"Cell1764","Mast_cells","sample1"
"Cell1765","Ductal_APOL1_high-hypoxic","sample1"
"Cell1766","Ductal_APOL1_high-hypoxic","sample1"
"Cell1767","Ductal_CRISP3_high-centroacinar_like","sample1"
"Cell1768","Ductal_CRISP3_high-centroacinar_like","sample1"
"Cell1769","Ductal_CRISP3_high-centroacinar_like","sample1"
"Cell1770","Ductal_MHC_Class_II","sample1"
"Cell1771","Ductal_terminal_ductal_like","sample1"
"Cell1772","Ductal_CRISP3_high-centroacinar_like","sample1"
"Cell1773","Ductal_MHC_Class_II","sample1"
"Cell1774","Ductal_terminal_ductal_like","sample1"
"Cell1775","Ductal_terminal_ductal_like","sample1"
"Cell1776","Ductal_CRISP3_high-centroacinar_like","sample1"
"Cell1777","Ductal_terminal_ductal_like","sample1"
"Cell1778","Ductal_MHC_Class_II","sample1"
"Cell1779","Ductal_terminal_ductal_like","sample1"
"Cell1780","Tuft_cells","sample1"
"Cell1781","Ductal_CRISP3_high-centroacinar_like","sample1"
"Cell1782","pDCs","sample1"
"Cell1783","Ductal_terminal_ductal_like","sample1"
"Cell1784","Ductal_CRISP3_high-centroacinar_like","sample1"
"Cell1785","Ductal_terminal_ductal_like","sample1"
"Cell1786","Cancer_clone_B","sample1"
"Cell1787","Ductal_MHC_Class_II","sample1"
"Cell1788","Ductal_MHC_Class_II","sample1"
"Cell1789","Ductal_terminal_ductal_like","sample1"
"Cell1790","Cancer_clone_A","sample1"
"Cell1791","Ductal_terminal_ductal_like","sample1"
"Cell1792","Ductal_CRISP3_high-centroacinar_like","sample1"
"Cell1793","Ductal_MHC_Class_II","sample1"
"Cell1794","Ductal_CRISP3_high-centroacinar_like","sample1"
"Cell1795","Ductal_terminal_ductal_like","sample1"
"Cell1796","Cancer_clone_B","sample1"
"Cell1797","Ductal_MHC_Class_II","sample1"
"Cell1798","Ductal_CRISP3_high-centroacinar_like","sample1"
"Cell1799","Ductal_CRISP3_high-centroacinar_like","sample1"
"Cell1800","Ductal_MHC_Class_II","sample1"
"Cell1801","Ductal_terminal_ductal_like","sample1"
"Cell1802","Ductal_MHC_Class_II","sample1"
"Cell1803","T_cells_&_NK_cells","sample1"
"Cell1804","Ductal_CRISP3_high-centroacinar_like","sample1"
"Cell1805","Ductal_APOL1_high-hypoxic","sample1"
"Cell1806","Ductal_CRISP3_high-centroacinar_like","sample1"
"Cell1807","Ductal_terminal_ductal_like","sample1"
"Cell1808","Ductal_CRISP3_high-centroacinar_like","sample1"
"Cell1809","Ductal_CRISP3_high-centroacinar_like","sample1"
"Cell1810","mDCs_B","sample1"
"Cell1811","Cancer_clone_B","sample1"
"Cell1812","Acinar_cells","sample1"
"Cell1813","Ductal_MHC_Class_II","sample1"
"Cell1814","Ductal_CRISP3_high-centroacinar_like","sample1"
"Cell1815","mDCs_B","sample1"
"Cell1816","mDCs_A","sample1"
"Cell1817","Ductal_CRISP3_high-centroacinar_like","sample1"
"Cell1818","Cancer_clone_A","sample1"
"Cell1819","Tuft_cells","sample1"
"Cell1820","Ductal_CRISP3_high-centroacinar_like","sample1"
"Cell1821","Macrophages_A","sample1"
"Cell1822","Ductal_MHC_Class_II","sample1"
"Cell1823","Ductal_APOL1_high-hypoxic","sample1"
"Cell1824","Ductal_APOL1_high-hypoxic","sample1"
"Cell1825","Ductal_APOL1_high-hypoxic","sample1"
"Cell1826","Ductal_MHC_Class_II","sample1"
"Cell1827","Ductal_CRISP3_high-centroacinar_like","sample1"
"Cell1828","Cancer_clone_A","sample1"
"Cell1829","Ductal_CRISP3_high-centroacinar_like","sample1"
"Cell1830","Ductal_CRISP3_high-centroacinar_like","sample1"
"Cell1831","mDCs_B","sample1"
"Cell1832","Ductal_CRISP3_high-centroacinar_like","sample1"
"Cell1833","Ductal_APOL1_high-hypoxic","sample1"
"Cell1834","Cancer_clone_B","sample1"
"Cell1835","Ductal_MHC_Class_II","sample1"
"Cell1836","Ductal_terminal_ductal_like","sample1"
"Cell1837","Cancer_clone_B","sample1"
"Cell1838","Cancer_clone_B","sample1"
"Cell1839","Ductal_CRISP3_high-centroacinar_like","sample1"
"Cell1840","Ductal_CRISP3_high-centroacinar_like","sample1"
"Cell1841","Ductal_MHC_Class_II","sample1"
"Cell1842","Ductal_terminal_ductal_like","sample1"
"Cell1843","Endocrine_cells","sample1"
"Cell1844","Macrophages_B","sample1"
"Cell1845","Tuft_cells","sample1"
"Cell1846","pDCs","sample1"
"Cell1847","Cancer_clone_B","sample1"
"Cell1848","T_cells_&_NK_cells","sample1"
"Cell1849","Ductal_terminal_ductal_like","sample1"
"Cell1850","Ductal_terminal_ductal_like","sample1"
"Cell1851","T_cells_&_NK_cells","sample1"
"Cell1852","Ductal_APOL1_high-hypoxic","sample1"
"Cell1853","mDCs_A","sample1"
"Cell1854","Ductal_CRISP3_high-centroacinar_like","sample1"
"Cell1855","Macrophages_B","sample1"
"Cell1856","Ductal_MHC_Class_II","sample1"
"Cell1857","Ductal_APOL1_high-hypoxic","sample1"
"Cell1858","T_cells_&_NK_cells","sample1"
"Cell1859","Monocytes","sample1"
"Cell1860","Ductal_APOL1_high-hypoxic","sample1"
"Cell1861","Cancer_clone_A","sample1"
"Cell1862","Cancer_clone_B","sample1"
"Cell1863","Ductal_MHC_Class_II","sample1"
"Cell1864","Ductal_APOL1_high-hypoxic","sample1"
"Cell1865","Cancer_clone_B","sample1"
"Cell1866","RBCs","sample1"
"Cell1867","Ductal_terminal_ductal_like","sample1"
"Cell1868","Cancer_clone_A","sample1"
"Cell1869","Ductal_MHC_Class_II","sample1"
"Cell1870","Ductal_CRISP3_high-centroacinar_like","sample1"
"Cell1871","Ductal_CRISP3_high-centroacinar_like","sample1"
"Cell1872","Cancer_clone_B","sample1"
"Cell1873","Cancer_clone_B","sample1"
"Cell1874","Ductal_MHC_Class_II","sample1"
"Cell1875","T_cells_&_NK_cells","sample1"
"Cell1876","Ductal_CRISP3_high-centroacinar_like","sample1"
"Cell1877","mDCs_B","sample1"
"Cell1878","Cancer_clone_B","sample1"
"Cell1879","Ductal_terminal_ductal_like","sample1"
"Cell1880","Tuft_cells","sample1"
"Cell1881","Ductal_MHC_Class_II","sample1"
"Cell1882","Ductal_APOL1_high-hypoxic","sample1"
"Cell1883","Endothelial_cells","sample1"
"Cell1884","Ductal_terminal_ductal_like","sample1"
"Cell1885","Ductal_terminal_ductal_like","sample1"
"Cell1886","Ductal_terminal_ductal_like","sample1"
"Cell1887","Monocytes","sample1"
"Cell1888","Tuft_cells","sample1"
"Cell1889","Cancer_clone_A","sample1"
"Cell1890","Cancer_clone_A","sample1"
"Cell1891","Ductal_MHC_Class_II","sample1"
"Cell1892","Tuft_cells","sample1"
"Cell1893","Ductal_CRISP3_high-centroacinar_like","sample1"
"Cell1894","Ductal_MHC_Class_II","sample1"
"Cell1895","T_cells_&_NK_cells","sample1"
"Cell1896","Ductal_CRISP3_high-centroacinar_like","sample1"
"Cell1897","Ductal_terminal_ductal_like","sample1"
"Cell1898","Ductal_terminal_ductal_like","sample1"
"Cell1899","Ductal_terminal_ductal_like","sample1"
"Cell1900","Ductal_CRISP3_high-centroacinar_like","sample1"
"Cell1901","Ductal_CRISP3_high-centroacinar_like","sample1"
"Cell1902","Ductal_MHC_Class_II","sample1"
"Cell1903","mDCs_A","sample1"
"Cell1904","Ductal_CRISP3_high-centroacinar_like","sample1"
"Cell1905","Ductal_CRISP3_high-centroacinar_like","sample1"
"Cell1906","Ductal_APOL1_high-hypoxic","sample1"
"Cell1907","Cancer_clone_B","sample1"
"Cell1908","T_cells_&_NK_cells","sample1"
"Cell1909","Ductal_APOL1_high-hypoxic","sample1"
"Cell1910","Ductal_MHC_Class_II","sample1"
"Cell1911","Ductal_CRISP3_high-centroacinar_like","sample1"
"Cell1912","Ductal_MHC_Class_II","sample1"
"Cell1913","Tuft_cells","sample1"
"Cell1914","T_cells_&_NK_cells","sample1"
"Cell1915","Ductal_terminal_ductal_like","sample1"
"Cell1916","Cancer_clone_B","sample1"
"Cell1917","Ductal_MHC_Class_II","sample1"
"Cell1918","Ductal_CRISP3_high-centroacinar_like","sample1"
"Cell1919","Ductal_CRISP3_high-centroacinar_like","sample1"
"Cell1920","Ductal_terminal_ductal_like","sample1"
"Cell1921","Ductal_MHC_Class_II","sample1"
"Cell1922","T_cells_&_NK_cells","sample1"
"Cell1923","Acinar_cells","sample1"
"Cell1924","Ductal_terminal_ductal_like","sample1"
"Cell1925","pDCs","sample1"
"Cell1926","RBCs","sample1"
